"What I Did From May 18th, 2018 - May 17th, 2019",,,,,,,,,,,,,,,,,,,,,,,,,,,,,,,,,Hour Counters Begin Here,,,,,,,,,,,,,,,,,,,,,,,,,,,,,,,,,,,,,,,,,,,,,,
Average Day,8,8,8,1,1,1,1,1,1,1,1,1,1,1,1,1,3,9,9,3,3,3,3,3,,,,,,,,,,,,,,,,,,,,,,,,,,,,,,,,,,,,,,,,,,,,,,,,,AZ+BB+BH+BJ+BL,,AN+AP+BR,,,,
Time->,0:00,1:00,2:00,3:00,4:00,5:00,6:00,7:00,8:00,9:00,10:00,11:00,12:00,1:00,2:00,3:00,4:00,5:00,6:00,7:00,8:00,9:00,10:00,11:00,Bed,Wake,Rating,What did I do?,Why was it bad?,Legend,,,(1) Sleep per day,(1) Sleep per week,(2) Exercising Per Day,(2) Exercising per week,(3) Work per day,(3) Work per week,(4) Class Time Per Day,(4) Class Time Per Week,(5) Studying Per Day,(5) Studying Per Week,Eating daily,Eating per week,Relaxing daily,Relaxing weekly,Social Media daily,Social Media weekly,Transportation Per Day,Transportation Per Week,Flirting daily,Flirting weekly,(11) Socializing Per Day,(11) Socializing Per Week,(12) Preparing daily,(12) Preparing weekly,(13) Daily Chores,(13) Weekly Chores,Sober Partying daily,Sober Partying weekly,(15) Drinking Per Day,(15) Drinking Per Week,Family time daily,Family time weekly,Shopping daily,Shopping weekly,(18) Health appt daily,(18) Health appt weekly,(19) MCAT Daily,(19) MCAT weekly,(20) Meetings Daily,(20) Meetings Weekly,Total Social Daily,Total Social Weekly,Learning Daily,Learning Weekly,,,
May 18,8,8,8,8,8,1,1,1,1,1,1,1,1,8,8,8,6,8,8,19,19,7,6,11,5,13,70,"Relaxed, studied, saw Mel",Bored from nothing to do,1- Sleeping,,,8,61,0,1,0,24,0,0,0,0,2,1,1,16,10,9,0,16,0,10,1,12,0,5,0,12,0,0,0,0,0,0,0,0,0,0,2,1,0,0,1,22,2,1,,,
May 19,7,7,7,11,11,8,1,1,1,1,1,1,1,7,9,11,11,11,9,6,7,7,7,1,6,13,95,"Lauren’s apt pool. Ate and went to 2 gardens with Hayley, and saw Mel",,2- Exercising,,,8,57,0,0,0,22,0,0,0,0,1,2,7,25,1,12,2,18,0,0,5,18,0,4,0,8,0,0,0,0,0,0,0,0,0,0,0,2,0,0,5,18,0,2,,,
May 20,10,10,7,8,1,1,1,1,1,1,1,1,1,1,8,8,7,7,17,2,11,11,7,7,4,14,60,"Had a good 15min run, watched NBA with fish",So bored. Did nothing,3- Work,,,10,60,1,2,0,32,0,0,0,0,0,4,5,25,3,0,0,21,2,0,2,19,0,4,0,0,0,0,0,0,0,0,1,1,0,0,0,0,0,0,4,19,0,0,,Social Time,3003
May 21,7,8,1,1,1,1,1,1,12,9,3,3,3,3,3,3,3,3,9,11,11,11,1,11,2,8,70,Work=eh. Dylan Andrade came for cavs game. Lauren came over,Worked the day. Fell asleep during game,4- School,,,7,51,0,6,8,26,0,0,0,0,0,6,1,29,1,7,2,14,0,0,4,5,1,8,0,6,0,0,0,5,0,4,0,1,0,0,0,0,0,0,4,14,0,0,,Alone Time,2313
May 22,11,11,10,10,10,10,10,8,1,1,1,1,1,1,12,2,10,10,10,10,10,12,9,7,8,14,80,"Pool and night w Lauren, saw Mel, moved home","Bad sleep, no more mel, no food",5- Studying or doing School Work,,,6,54,1,3,0,19,0,0,0,0,0,9,1,25,1,14,1,18,10,0,2,4,2,7,0,3,0,1,0,7,0,1,0,2,0,1,0,0,0,0,12,13,0,0,,Ambiguous Categories,439
May 23,8,1,1,1,1,1,1,1,1,1,1,1,1,12,13,13,13,9,3,3,3,3,3,3,1,13,75,Moved my stuff into basement,,6- Solely eating or getting food/drink,,,12,51,0,7,6,6,0,0,0,0,0,14,0,34,1,0,1,16,0,3,0,7,1,4,3,0,0,3,0,23,0,0,0,0,0,0,0,0,0,0,0,36,0,0,,,
May 24,3,3,9,9,7,1,1,1,1,1,1,1,1,7,7,9,13,13,13,9,7,7,7,9,5,13,80,"Moved in, saw Han Solo, long talk w/ dad",Sweaty. Probably slept too long,7- Leisure entertainment (watching movies/games),,,8,55,0,2,2,34,0,0,0,0,0,5,6,21,0,22,5,16,0,0,0,2,0,3,3,1,0,0,0,0,0,6,0,1,0,0,0,0,0,0,0,8,0,0,,,
May 25,13,9,13,13,7,1,1,1,1,1,1,1,1,8,9,13,13,13,7,6,7,7,7,7,5,13,78,"Cut bushes 4 gma, cavs game, got money",,8- Social Media or Internet,,,8,58,0,2,0,24,0,0,0,0,1,7,6,2,1,23,2,11,0,0,0,10,0,2,6,7,0,0,0,10,0,3,0,2,0,1,0,6,0,0,0,23,0,6,,,
May 26,7,8,1,1,1,1,1,1,1,1,1,1,1,1,8,8,12,9,3,3,3,3,3,3,2,14,70,Texting w all my friends. GSW/Rockets game.,"Woke up too late, not enough free time.",9- Transportation,,,12,68,0,2,6,22,0,0,0,0,0,8,1,16,3,24,1,12,0,0,0,7,1,2,0,0,0,0,0,0,0,1,0,0,0,0,0,6,0,0,0,8,0,6,,Formula Total,9546
May 27,3,3,9,9,8,19,1,1,1,1,1,1,1,1,8,9,11,11,11,11,7,11,11,9,6,14,98,Croatt party. LBJ game 7 ECF w Brandon. Ran into MJ,Lowish on money,10- Time with significant other ,,,8,66,0,3,2,40,0,0,0,0,0,2,1,5,2,19,4,20,0,0,6,1,0,2,0,7,0,0,0,1,0,1,0,1,0,0,1,0,0,0,6,3,1,0,,22 Daily categories x 365,8030
May 28,9,9,8,8,8,8,1,1,1,8,11,11,11,11,11,11,11,11,9,9,9,7,7,7,6,9,95,Keeton’s lake house! GSW vs Rockets game,"Lots of driving, GSW beat Rockets",11- Social time,,,3,52,0,0,0,26,0,0,0,0,0,4,3,1,5,37,5,21,0,0,8,3,0,2,0,9,0,0,0,0,0,8,0,1,0,0,0,4,0,0,8,11,0,4,,22 x 51 weeks,1122
May 29,8,8,8,1,1,1,1,1,1,1,1,1,1,1,8,9,13,13,9,6,6,7,7,7,3,14,60,Chores at grandma's,little bored? Nothing “good” but nothing bad?,12- Preparing or Getting ready,,,11,54,0,2,0,25,0,0,0,0,2,2,3,0,4,28,2,20,0,0,0,8,0,4,2,8,0,0,0,0,0,14,0,0,0,0,0,3,0,0,0,22,0,3,,"24 Hour Median, overall, week, weekend, 7 days. 24 x 10",240
May 30,8,8,8,19,19,7,1,1,1,1,1,1,1,1,1,7,12,9,3,3,3,3,3,3,6,15,63,Worked with Lekwuwa,,13- Chores,,,9,49,0,6,6,8,0,6,0,3,0,7,2,5,3,13,1,7,0,5,0,9,1,5,0,6,0,4,0,16,0,1,0,9,0,0,2,2,0,7,0,35,2,11,,20 hour counter totals,20
May 31,3,3,9,9,7,1,1,1,1,1,1,1,7,1,9,13,11,11,11,9,11,11,11,11,5,14,85,"Left UV. Saw Mel, Finals w/ Sam&Jake in Chapel Hill",Pretty hot for jeans. Car wet. Woke up too late,14- Going out/Partying without drinking,,,8,55,0,7,2,8,0,13,0,8,0,17,2,1,0,12,4,2,0,4,7,18,0,4,1,6,0,3,0,0,0,0,0,7,0,0,0,0,0,3,7,25,0,21,,29 Rating infos,29
June 1,9,9,7,7,1,1,1,1,12,9,3,3,3,3,3,3,3,3,9,13,7,1,1,1,4,8,75,Work w Falbo & Victor. Guy died. Fell asleep at home,,15- 14 but drinking,,,7,61,0,11,8,20,0,14,0,5,0,13,3,1,0,20,4,5,0,0,0,16,1,2,1,0,0,0,0,0,0,0,0,0,0,0,0,0,0,0,0,16,0,19,,10 sleep infos,10
June 2,7,7,7,7,7,7,1,1,1,12,13,13,13,13,9,11,11,11,7,1,7,7,7,7,6,9,87,"Saw Joe, sciworks with Julianne, watched baby driver",Too hot,16- family time,,,4,59,0,6,0,10,0,7,0,12,0,5,11,2,0,14,1,10,0,6,3,5,1,2,4,5,0,4,0,7,0,7,0,0,0,2,0,0,0,5,3,29,0,19,,1 Total hour counter,1
June 3,7,1,1,1,1,1,1,1,1,1,1,1,1,1,1,1,12,9,3,3,3,3,3,3,1,16,80,Worked with Dr. Falbo and Victor. Started pushups/situps,Slept too much,17- Shopping,,,15,56,0,5,6,22,0,8,0,8,0,11,1,3,0,31,1,8,0,3,0,9,1,1,0,0,0,0,0,0,0,0,0,0,0,0,0,0,0,3,0,12,0,16,,85 category infos (20 stats dont exist yet),85
June 4,3,3,9,9,2,1,1,1,1,1,1,1,1,1,1,6,9,9,3,3,3,3,3,3,5,15,80,"Worked. Good talks with Mel, bros, girls, and family","No day bc I slept too much, stressful work with Dr. Ah freetext","18- Health (Haircuts, doctor's appt)",,,10,58,1,2,8,17,0,7,0,24,1,10,0,8,0,23,4,4,0,1,0,4,0,3,0,1,0,0,0,6,0,0,0,0,0,0,0,0,0,0,0,11,0,31,,Rating transfer from other sheets=9,9
June 5,3,3,9,9,2,7,12,1,1,1,1,1,1,7,7,11,11,11,11,7,6,7,7,7,7,13,78,"Pool w/ Jules, bojangles, watched Schindler’s list",Fell asleep during the movie instead of going to sleep,19- MCAT Studying,,,6,49,1,3,2,10,0,14,0,8,1,13,7,5,0,16,2,3,0,15,4,12,1,6,0,6,0,2,0,3,0,0,0,2,0,0,0,0,0,1,4,32,0,22,,,
June 6,12,7,1,1,1,1,1,1,9,9,3,3,3,3,3,3,3,3,9,11,9,11,11,11,2,8,80,"Work w/ Mardis, saw Mark for bday, watched game 3 w Sam",Driving. Got back too late for good sleep or shower,20- Obligatory meetings (includes greek Chapter),,,6,50,0,0,8,16,0,8,0,33,0,7,1,2,0,20,4,4,0,8,4,10,1,0,0,3,0,0,0,1,0,3,0,0,0,0,0,0,0,3,4,22,0,41,,,
June 7,9,12,1,1,1,1,1,1,9,9,3,3,3,3,3,3,3,3,9,6,1,1,1,1,2,8,75,"Work w Lekwuwa, came home to pizza, fell asleep",Sleeping was nice but kept me up after!,Hours Per Category,,,10,59,0,3,8,8,0,2,0,2,1,5,0,3,0,10,4,6,0,12,0,38,1,3,0,2,0,5,0,5,0,4,0,0,0,0,0,0,0,1,0,64,0,4,,,
June 8,7,7,7,7,7,7,7,1,1,1,1,1,1,1,1,1,11,11,9,9,11,11,11,11,7,16,85,Saw Allison and Brianna!! Finals game,LeBron lost in four games,,,,9,54,0,5,0,8,0,12,0,5,0,7,7,2,0,26,2,4,0,10,6,25,0,2,0,1,0,0,0,5,0,0,0,0,0,0,0,0,0,2,6,40,0,17,,,
June 9,11,9,7,7,7,1,1,1,1,1,1,1,1,1,7,1,7,9,17,11,9,7,7,7,5,16,75,"Saw Grandma, got pants from American Eagle for my bday",Slept too late and fell back asleep!,# Hours Slept,3005,,10,58,0,3,0,14,0,11,0,7,0,10,8,0,0,17,3,5,0,3,2,28,0,3,0,1,0,0,0,6,0,0,1,2,0,0,0,0,0,0,2,37,0,18,,,
June 10,7,1,1,1,1,7,1,1,1,1,1,9,11,11,6,11,12,9,3,3,3,3,3,3,1,11,90,"Hanging rock (+ run), Tlaquepaque, and Dairio w Allison/Brianna/Chris/Brendan/Clifton",,Exercising,132,,9,66,0,0,6,16,0,9,0,15,1,6,2,0,0,15,2,3,0,7,3,9,1,4,0,4,0,0,0,12,0,0,0,2,0,0,0,0,0,0,3,28,0,24,,,
June 11,3,3,9,9,1,1,1,1,1,1,1,1,1,1,1,12,12,9,3,3,3,3,3,3,4,15,80,Work with Ah,Didnt do anything other than work,At Work,833,,11,57,0,5,8,18,0,10,0,9,0,3,0,0,0,17,3,8,0,14,0,15,2,1,0,3,0,0,0,0,0,0,0,0,0,0,0,0,0,8,0,29,0,19,,,
June 12,3,3,9,7,2,1,1,1,1,1,1,1,12,9,2,2,2,2,11,11,9,7,7,7,5,12,88,"Bball w Lex, Winston’s pup. Banks, Sav, Fish, Caleb, Zoey",Headache! Sweaty all day. Stayed up too late,In School/Lecture,208,,7,58,5,4,2,8,0,8,0,11,0,12,4,3,0,10,3,5,0,10,2,7,1,2,0,14,0,3,0,6,0,3,0,4,0,0,0,0,0,0,2,29,0,19,,,
June 13,7,7,7,1,1,1,1,1,12,9,3,3,3,3,3,3,3,3,9,6,6,7,7,7,3,8,96,"Work w Falbo, Burgers with Lex, watched a movie",It was hot!,Studying (except MCAT),379,,5,58,0,8,8,14,0,2,0,7,2,3,6,7,0,21,2,7,0,13,0,12,1,1,0,0,0,0,0,3,0,12,0,0,0,0,0,0,0,0,0,40,0,9,,,
June 14,7,7,7,8,8,1,1,1,1,1,1,1,1,1,1,1,7,7,6,2,7,7,7,7,5,16,80,Taught Julianne to ripstick. Milkshake. Jumanji,Woke up too late!,Specifically Eating,355,,11,65,1,0,0,13,0,4,0,21,1,9,9,2,2,17,0,5,0,2,0,14,0,2,0,7,0,0,0,3,0,0,0,4,0,0,0,0,0,0,0,19,0,25,,,
June 15,7,7,7,7,6,7,1,1,12,9,13,13,13,13,9,13,13,12,9,11,11,11,1,1,6,8,92,"Moved Dr. K’s son, Gma chores, Incredibles 2 w Brianna, Allison, and Brendan",,Relaxing,356,,4,48,0,1,0,8,0,4,0,35,1,6,5,2,0,13,3,5,0,18,3,7,2,0,6,0,0,0,0,2,0,3,0,2,0,1,0,0,0,13,3,30,0,39,,,
June 16,8,8,8,1,1,1,1,1,12,9,3,3,3,3,3,3,3,3,9,17,6,15,15,15,3,8,98,"Work w Guha, new shoes, ate at Kayla's, Boxcar w Mark",,Social Media/Internet,1019,,5,50,0,2,8,8,0,0,0,0,1,3,0,0,3,32,2,5,0,19,0,13,1,0,0,4,0,0,3,4,0,3,1,2,0,0,0,23,0,0,3,39,0,23,,,
June 17,15,15,7,1,1,1,1,1,8,8,9,12,6,16,1,1,16,16,16,7,7,1,7,7,3,8,94,"Waffle House. Kitchen set, saw Papa at Aunt Judi's",Little tired and slept interm. Not much bday celebration,Driving,534,,8,56,0,1,0,26,0,0,0,0,1,4,5,0,2,26,1,9,0,9,0,13,1,0,0,2,0,0,2,0,4,7,0,2,0,0,0,13,0,0,6,29,0,13,,,
June 18,7,7,1,1,1,1,1,1,1,1,1,1,1,1,1,9,3,3,11,6,7,7,11,11,2,15,92,"Work meeting, ate w Josh and watched Donnie Darko",Hot. Lateish to scribe meeting,Time with Significant Other,428,,13,56,0,0,2,16,0,0,0,0,1,1,4,7,0,26,1,11,0,0,3,7,0,0,0,6,0,0,0,0,0,23,0,1,0,0,0,14,0,0,3,30,0,14,,,
June 19,9,13,8,8,8,1,1,1,1,1,1,1,1,1,1,12,7,7,6,8,7,7,7,7,5,15,80,Pool w Julianne/Maggie. Watched Rush,"Slept too late, just kinda bored",Socializing,508,,10,64,0,3,0,16,0,0,0,0,1,5,6,6,4,21,1,10,0,12,0,7,1,3,1,2,0,0,0,5,0,4,0,0,0,0,0,10,0,0,0,28,0,10,,,
June 20,8,8,8,8,8,1,1,1,12,9,3,3,3,3,3,3,3,3,9,9,6,11,14,9,5,8,80,Work w Guha. Chili’s w MJ. Stopped by Haley Gaito’s party,"Tired, work was fast, felt pressure to be home",Getting Ready,126,,3,62,0,4,8,16,0,0,0,0,1,2,0,10,5,15,4,6,0,21,1,9,1,5,0,0,1,0,0,0,0,0,0,0,0,0,0,16,0,2,2,30,0,16,,,
June 21,13,1,1,1,1,1,1,1,12,9,3,3,3,3,3,3,3,3,3,9,6,7,7,16,1,8,85,Work w Falbo. Watched Cinema Paridiso.,,Doing Chores,152,,7,62,0,4,9,7,0,8,0,0,1,7,2,4,0,19,2,6,0,26,0,10,1,2,1,4,0,0,0,2,1,1,0,3,0,0,0,1,0,2,1,39,0,9,,,
June 22,8,8,8,8,8,1,1,1,1,1,13,12,9,9,18,9,9,17,17,6,9,7,7,7,5,10,89,"Contacts, haircut, Concord mills/Texas Steakhouse w BKing",Tired,Hours Partying Sober,47,,5,58,0,2,0,8,0,5,0,5,1,11,3,8,5,32,5,5,0,18,0,8,1,2,1,0,0,0,0,0,0,2,2,1,1,0,0,0,0,3,0,28,0,10,,,
June 23,1,1,1,1,1,1,1,9,9,9,9,9,12,7,7,15,15,15,15,12,6,6,7,7,0,7,99,"Orlando flight, board Carnival Magic. DRUNK, ate, comedy show, club",Body aches ,Hours w/ alcohol in my system,200,,7,53,0,0,0,8,0,5,0,4,2,3,4,8,0,39,5,6,0,7,0,11,2,3,0,0,0,0,4,5,0,0,0,3,0,0,0,0,0,13,4,23,0,9,,,
June 24,15,7,1,1,1,1,1,1,1,1,12,2,2,2,7,7,7,7,7,1,6,6,15,15,2,10,98,"judged while drunk. 5k, bball, steakhouse, too drunk. Met Sammy",, Just With Family,159,,9,56,3,0,0,16,0,3,0,6,2,13,6,5,0,30,0,5,0,19,0,6,1,1,0,0,0,0,3,3,0,0,0,0,0,0,0,0,0,5,3,28,0,9,,,
June 25,15,15,15,15,1,1,1,1,1,1,1,1,1,1,6,7,7,2,7,6,6,7,14,15,4,14,95,"Lunch, sat around, ran, dinner, deck party, club. Met several people",Woke up too late and feeling unwell, Shopping,83,,10,51,1,4,0,16,0,4,0,26,3,12,4,0,0,21,0,5,0,3,0,7,0,2,0,3,1,3,5,5,0,0,0,1,0,1,0,0,0,4,6,18,0,30,,,
June 26,15,15,15,1,1,1,1,1,12,7,7,7,6,7,7,11,11,11,1,1,6,7,7,15,3,8,98,"San Juan, Puerto Rico! Pool w Sammy, NewlyWeds, Carnival Quest, vibe club",, Health Appts,8,,7,58,0,2,0,17,0,6,0,12,2,12,7,0,0,20,0,13,0,16,3,6,1,1,0,0,0,0,4,0,0,3,0,0,0,0,0,0,0,2,7,25,0,18,,,
June 27,15,15,15,15,10,1,1,1,9,9,7,7,7,7,7,9,7,7,1,1,6,7,7,7,5,8,100,"Amber Cove, Dom Rep. Catamaran, snorkeling, Rock & comedy show, Vibe",,MCAT Studying,103,,5,53,0,0,0,0,0,3,0,9,1,6,10,2,0,21,3,22,1,8,0,7,0,3,0,0,0,8,4,11,0,3,0,7,0,0,0,0,0,5,5,37,0,12,,,
June 28,14,14,6,1,1,1,1,1,1,1,1,6,2,2,2,7,11,11,2,12,6,6,15,15,3,11,98,"Grand Turk, pool/Waveboarding, cornhole w Ally/Kate, ran 4 miles, formal, comedy club w Bianca, vibe. 2.5 wine, 2 LIT, 10 oz vodka","Alcohol must limit my ratings. Incredible day, but still not perfect",Meetings,125,,8,68,4,0,0,24,0,0,0,0,4,1,1,0,0,22,0,30,0,3,2,0,1,0,0,2,2,9,2,0,0,8,0,0,0,0,0,0,0,1,6,20,0,0,,,
June 29,15,15,15,15,15,1,1,1,1,1,1,1,1,12,6,11,2,2,7,1,6,6,12,15,5,13,100,"Late breakfast, pool w Sammy/Kate, 3v3 bball, 1 mile sprint, 3 CCMC, Vibe, Bianca",,,,,9,61,2,4,0,20,0,6,0,16,3,7,1,2,0,13,0,16,0,13,1,0,2,1,0,0,0,0,6,2,0,0,0,3,0,1,0,0,0,4,7,15,0,22,,,
June 30,15,15,10,10,7,1,1,9,9,7,7,7,7,7,7,7,9,9,9,9,9,9,9,9,5,7,83,"Left cruise, Kennedy Space Center, flew home.",Transportation the whole day,Rating Info,,,2,63,0,2,0,16,0,5,0,2,0,8,8,3,0,26,10,4,2,10,0,11,0,4,0,0,0,2,2,6,0,0,0,2,0,0,0,0,0,4,4,29,0,7,,,
July 1,9,11,7,7,1,1,1,1,1,1,1,1,1,1,6,7,9,9,3,3,3,3,3,3,4,14,78,Talked to my parents and headed off to work w Khosrowpour,,,,,10,78,0,0,6,18,0,2,0,5,1,8,3,5,0,25,3,7,0,1,1,6,0,1,0,0,0,0,0,0,0,1,0,3,0,0,0,0,0,8,1,8,0,7,,,
July 2,3,3,9,8,8,1,1,1,1,1,1,8,1,1,1,12,9,9,3,3,3,3,3,3,5,15,75,Work with Dr. Ah,,Average day rating ->,84.76033058,,9,61,0,0,8,8,0,3,0,13,0,9,0,2,3,18,3,11,0,13,0,10,1,0,0,2,0,0,0,9,0,3,0,4,0,0,0,0,0,1,0,35,0,16,,,
July 3,3,3,9,8,8,1,1,1,1,1,1,1,1,1,1,8,9,9,3,3,3,3,3,3,5,15,73,Work w Ah. Bought a watch and a replacement battery for speaker,,Lowest day rating ->,55,,10,57,0,2,8,16,0,5,0,6,0,9,0,7,3,26,3,13,0,10,0,4,0,2,0,0,0,0,0,5,0,5,0,1,0,0,0,0,0,0,0,24,0,11,,,
July 4,3,3,9,8,8,8,1,1,1,1,1,8,6,6,11,11,9,9,3,3,3,3,3,3,6,11,85,"Bad daddy’s burger bar with Allison, Sav's pool w Winston, work w Dallara",,Highest day rating ->,100,,5,59,0,1,8,12,0,3,0,4,2,4,0,5,4,24,3,8,0,20,2,0,0,1,0,1,0,0,0,9,0,12,0,3,0,0,0,0,0,2,2,41,0,7,,,
July 5,3,3,9,9,8,1,1,1,1,1,8,8,8,8,1,1,1,8,9,16,16,16,16,9,5,10,84,Woke up decently. Went and saw my mom and Mark,Took a nap :(,Monday,82.21568627,,8,60,0,0,2,15,0,2,0,5,0,6,0,12,6,17,4,11,0,18,0,6,0,3,0,4,0,0,0,2,4,0,0,1,0,0,0,0,0,6,4,26,0,7,,,
July 6,7,7,7,7,7,7,7,7,1,1,1,1,1,1,1,1,7,7,6,1,7,7,7,7,8,16,70,"Got zaxby’s, watched “Annihilation” and “Arrival”",Bored. Slept too late and fell back asleep. I had no day!,Tuesday,83.60784314,,9,52,0,0,0,8,0,4,0,30,1,9,14,0,0,14,0,12,0,24,0,1,0,1,0,0,0,0,0,8,0,1,0,1,0,1,0,0,0,3,0,34,0,34,,,
July 7,7,7,7,7,7,7,1,1,1,1,1,1,1,1,1,1,1,16,13,2,12,6,16,1,6,17,82,"Killer running workout, ate dinner with dad.",Stayed up all night making me sleep all day like an idiot.,Wednesday,84.88235294,,12,52,1,0,0,8,0,5,0,23,1,2,6,0,0,12,0,16,0,11,0,8,1,2,1,2,0,0,0,2,2,8,0,3,0,0,0,0,0,14,2,29,0,28,,,
July 8,1,8,8,8,8,8,8,1,9,9,3,3,3,3,3,3,3,3,9,2,12,6,17,7,7,8,83,"Work with Dallara, sprint workout, walmart with Julianne",I think being tired deprives me of the usual vigor/vitality I have,Thursday,86.22,,2,42,1,1,8,16,0,0,0,0,1,2,1,12,6,16,3,7,0,1,0,16,1,1,0,0,0,0,0,1,0,4,1,0,0,0,0,0,0,0,0,22,0,0,,,
July 9,1,1,1,1,1,1,1,1,9,9,3,3,3,3,3,3,3,3,6,9,13,1,1,1,0,8,73,"Work with Guha, replaced speaker battery",Fell asleep to early!!!,Friday,86.17647059,,11,,0,,8,,0,,0,,1,,0,,0,,3,,0,,0,,0,,1,,0,,0,,0,,0,,0,,0,,0,,0,,0,,,,
July 10,8,1,1,1,1,8,8,8,1,1,1,1,1,1,8,11,12,19,19,19,2,6,8,17,1,14,82,"Pool w Julianne, began MCAT studying, good run, walmart w Julianne",,Saturday,87.29411765,,10,,1,,0,,0,,0,,1,,0,,6,,0,,0,,1,,1,,0,,0,,0,,0,,1,,0,,3,,0,,1,,3,,,,
July 11,8,1,1,1,1,1,1,8,9,9,3,3,3,3,3,3,3,3,9,2,6,13,8,1,1,7,78,"Work with Cave, running workout, studied",,Sunday,83.64,,7,,1,,8,,0,,0,,1,,0,,3,,3,,0,,0,,0,,1,,0,,0,,0,,0,,0,,0,,0,,0,,0,,,,
July 12,1,1,8,1,1,1,1,1,1,9,3,3,3,3,3,3,3,3,9,1,1,16,8,8,-1,9,83,"Work w Cave, Finishing this thing up!",Fell asleep after work!,Average Weekday,84.51372549,,10,,0,,8,,0,,0,,0,,0,,3,,2,,0,,0,,0,,0,,0,,0,,1,,0,,0,,0,,0,,1,,0,,,,
July 13,8,8,8,8,8,8,8,8,8,7,1,1,1,1,9,13,13,11,11,11,15,15,15,15,10,14,98,"Saw Mom at work, Sav’s bday party, went to Pete’s",,Average Weekend,85.16161616,,4,,0,,0,,0,,0,,0,,1,,9,,1,,0,,3,,0,,2,,0,,4,,0,,0,,0,,0,,0,,7,,0,,,,
July 14,15,15,15,15,15,15,1,1,1,1,11,6,11,11,11,9,7,8,19,9,6,11,11,17,6,10,95,"Spring Garden diner w Allison/Brianna/Brendan/Hank. Big Daddy’s w Hayley, Winston art district, walmart",Kinda sweaty at art district,May 2018,77.07142857,,4,,0,,0,,0,,0,,2,,1,,1,,2,,0,,6,,0,,0,,0,,6,,0,,1,,0,,1,,0,,12,,1,,,,
July 15,18,8,1,1,1,1,1,1,1,1,1,1,6,13,13,13,16,6,16,12,1,1,19,19,2,12,87,"Helped Joe with house chores, saw Andrew/Anna, Zaxby's, MCAT",,June 2018,87.66666667,,12,,0,,0,,0,,0,,2,,0,,1,,0,,0,,0,,1,,3,,0,,0,,2,,0,,1,,2,,0,,2,,2,,,,
July 16,19,19,1,1,1,1,1,1,9,9,3,3,3,3,3,3,3,3,9,9,2,6,8,8,2,8,83,"Work w Guha, ran, relaxed",,July 2018,79.29032258,,6,,1,,8,,0,,0,,1,,0,,2,,4,,0,,0,,0,,0,,0,,0,,0,,0,,0,,2,,0,,0,,2,,,,
July 17,8,8,1,1,1,1,1,1,1,1,1,1,8,8,8,7,1,1,1,1,6,19,8,19,2,12,67,"Relaxed, napped, MCAT studying",FELL ASLEEP FOR FOUR HOURS AND DIDNT WANT TO,August 2018,82.48387097,,14,,0,,0,,0,,0,,1,,1,,6,,0,,0,,0,,0,,0,,0,,0,,0,,0,,0,,2,,0,,0,,2,,,,
July 18,8,8,8,1,1,1,1,12,2,6,8,8,1,1,1,1,8,1,1,1,6,8,7,7,3,7,71,Ran with Logan. Wrote standup bit. Binge watched Comedians In Cars Getting Coffee.,"Very tired, I think the melatonin OD has kept me fatigued",September 2018,85.2,,11,,1,,0,,0,,0,,2,,2,,7,,0,,0,,0,,1,,0,,0,,0,,0,,0,,0,,0,,0,,0,,0,,,,
July 19,7,7,7,1,1,1,1,1,1,1,1,1,1,1,8,12,6,9,3,3,3,3,3,3,3,14,79,Picked up a shift. Glad to see Cave and Falbo. Came home and studied,,October 2018,84.58064516,,11,,0,,6,,0,,0,,1,,3,,1,,1,,0,,0,,1,,0,,0,,0,,0,,0,,0,,0,,0,,0,,0,,,,
July 20,3,3,9,19,19,8,7,1,1,1,1,9,6,11,11,11,9,8,6,7,7,1,7,7,7,11,82,PDQ/Downtown Winston/VR Store w/ Allison.,,November 2018,84.3,,5,,0,,2,,0,,0,,2,,5,,2,,3,,0,,3,,0,,0,,0,,0,,0,,0,,0,,2,,0,,3,,2,,,,
July 21,7,7,7,8,1,1,1,1,1,1,1,8,1,1,1,1,8,16,9,6,11,11,11,11,4,16,88,"Caught up with parents, Natty Greene's & movie with Josh and Jake",,December 2018,87.48387097,,11,,0,,0,,0,,0,,1,,3,,3,,1,,0,,4,,0,,0,,0,,0,,1,,0,,0,,0,,0,,5,,0,,,,
July 22,9,8,8,7,7,8,1,1,1,1,1,1,1,1,1,1,9,9,3,3,3,3,3,3,6,16,69,Work with Ah,Awful sleep schedule. It's just worsening.,January 2019,86.90322581,,10,,0,,6,,0,,0,,0,,2,,3,,3,,0,,0,,0,,0,,0,,0,,0,,0,,0,,0,,0,,0,,0,,,,
July 23,3,3,9,15,8,8,8,8,1,1,1,1,1,1,1,13,9,9,3,3,3,3,3,3,8,15,73,Work with Ah,Hard shift,February 2019,86.71428571,,7,,0,,8,,0,,0,,0,,0,,4,,3,,0,,0,,0,,1,,0,,1,,0,,0,,0,,0,,0,,1,,0,,,,
July 24,3,3,9,9,1,1,1,1,1,1,1,8,1,1,13,7,7,6,8,7,2,1,1,1,4,14,71,Ran,,March 2019,85.80645161,,12,,1,,2,,0,,0,,1,,3,,2,,2,,0,,0,,0,,1,,0,,0,,0,,0,,0,,0,,0,,0,,0,,,,
July 25,6,8,1,1,1,1,1,1,9,9,3,3,3,3,3,3,3,3,9,9,17,8,1,1,2,8,82,"Work with Cave, got a ton of socks/underwear from target",Got super tired on shift but also have been avoiding sodas?,April 2019,84.53333333,,8,,0,,8,,0,,0,,1,,0,,2,,4,,0,,0,,0,,0,,0,,0,,0,,1,,0,,0,,0,,0,,0,,,,
July 26,1,11,8,8,8,8,8,1,9,9,3,3,3,3,3,3,3,3,9,9,1,1,1,1,-2,1,84,Work with Falbo. Came home and went to sleep,,May 2019,87.41176471,,6,,0,,8,,0,,0,,0,,0,,5,,4,,0,,1,,0,,0,,0,,0,,0,,0,,0,,0,,0,,1,,0,,,,
July 27,1,1,1,1,8,8,1,12,2,2,12,1,1,1,1,13,13,13,9,13,13,7,7,16,-4,4,83,"Track workout with Logan, tax work, car work at mom’s",,Summer 2018,82.30232558,,9,,2,,0,,0,,0,,0,,2,,2,,1,,0,,0,,2,,5,,0,,0,,1,,0,,0,,0,,0,,1,,0,,,,
July 28,9,8,8,1,1,1,1,1,1,1,1,8,1,1,1,1,9,9,3,3,3,3,3,3,3,16,72,Work with Falbo,,Fall Semester 2018,84.42975207,,12,,0,,6,,0,,0,,0,,0,,3,,3,,0,,0,,0,,0,,0,,0,,0,,0,,0,,0,,0,,0,,0,,,,
July 29,3,3,9,8,1,1,1,1,1,1,1,1,1,1,1,1,9,9,3,3,3,3,3,3,4,16,70,Work with Ah,,Winter Break 2018,87.85185185,,12,,0,,8,,0,,0,,0,,0,,1,,3,,0,,0,,0,,0,,0,,0,,0,,0,,0,,0,,0,,0,,0,,,,
July 30,3,3,9,9,7,8,8,8,1,1,1,1,1,1,13,12,9,9,3,3,3,3,3,3,8,14,78,"Work with Ah, got a ton of advice",,Spring Semester 2019,86.11450382,,6,,0,,8,,0,,0,,0,,1,,3,,4,,0,,0,,1,,1,,0,,0,,0,,0,,0,,0,,0,,0,,0,,,,
July 31,3,3,9,9,8,8,8,1,1,1,1,1,1,8,8,1,1,8,16,9,16,16,8,8,7,13,80,"Time with dad, Walmart with Julianne. Family candled their ears",,,,,8,,0,,2,,0,,0,,0,,0,,8,,3,,0,,0,,0,,0,,0,,0,,3,,0,,0,,0,,0,,3,,0,,,,
August 1,8,8,8,8,8,8,1,1,1,1,1,1,1,8,9,13,9,9,3,3,3,3,3,3,6,13,77,Fast work with Dallara,,(1) Sleep Info,,,7,,0,,6,,0,,0,,0,,0,,7,,3,,0,,0,,0,,1,,0,,0,,0,,0,,0,,0,,0,,0,,0,,,,
August 2,3,3,9,9,8,8,1,1,1,1,1,1,1,1,1,1,9,9,3,3,3,3,3,3,6,16,84,Great easy shift with Falbo,,,,,10,,0,,8,,0,,0,,0,,0,,2,,4,,0,,0,,0,,0,,0,,0,,0,,0,,0,,0,,0,,0,,0,,,,
August 3,3,3,9,9,8,19,19,19,19,6,12,9,13,13,1,13,13,13,16,16,9,17,16,11,14,15,81,"Studied so much, chores for grandma, saw mom, came home",,Average Hours Slept Per Day,8.270029674,,1,,0,,2,,0,,0,,1,,0,,1,,4,,0,,1,,1,,5,,0,,0,,3,,1,,0,,4,,0,,4,,4,,,,
August 4,8,8,8,8,1,1,1,1,1,1,1,1,1,1,1,1,1,8,16,6,16,8,8,8,4,14,69,"got japanese with the family, youtube a ton","Nothing eventful, kinda boring, missed my friends, woke up late",Most Sleep in a Calendar Day,22,,13,,0,,0,,0,,0,,1,,0,,8,,0,,0,,0,,0,,0,,0,,0,,2,,0,,0,,0,,0,,2,,0,,,,
August 5,8,8,8,1,1,8,8,8,8,1,1,1,9,6,11,11,9,13,13,9,6,8,1,1,3,12,87,"Lunch with Allison, moved partly into new apartment, chili’s with family",Came home sweaty/feeling gross,Least Sleep in a Calendar Day,1,,7,,0,,0,,0,,0,,2,,0,,8,,3,,0,,2,,0,,2,,0,,0,,0,,0,,0,,0,,0,,2,,0,,,,
August 6,1,1,8,8,8,8,8,8,1,1,1,1,1,1,1,1,9,9,3,3,3,3,3,3,8,16,82,"Work with Ah, worked out when I got home",,Average Week of Sleep,57.77083333,,10,,0,,6,,0,,0,,0,,0,,6,,2,,0,,0,,0,,0,,0,,0,,0,,0,,0,,0,,0,,0,,0,,,,
August 7,3,3,9,9,2,8,1,1,1,1,1,1,1,1,1,1,9,9,3,3,3,3,3,3,6,16,84,"Work with Ah, worked out, studied MCAT",,Best Week of Sleep,78,,10,,1,,8,,0,,0,,0,,0,,1,,4,,0,,0,,0,,0,,0,,0,,0,,0,,0,,0,,0,,0,,0,,,,
August 8,3,3,3,9,2,19,19,19,12,1,1,1,1,1,1,1,9,9,3,3,3,3,3,3,9,16,81,Work with Dallara,,Worst Week of Sleep,48,,7,,1,,9,,0,,0,,0,,0,,0,,3,,0,,0,,1,,0,,0,,0,,0,,0,,0,,3,,0,,0,,3,,,,
August 9,3,3,9,9,1,1,8,8,8,8,16,13,9,13,11,11,11,11,6,9,12,1,1,1,4,6,82,"Talked to mom, Went to bank, hung w the bitches & Winston, The Den, came home",Too hot,Total Hours of Sleep,3005,,5,,0,,2,,0,,0,,1,,0,,4,,4,,0,,4,,1,,2,,0,,0,,1,,0,,0,,0,,0,,5,,0,,,,
August 10,8,8,8,8,8,1,1,1,1,1,1,1,1,1,1,1,8,9,11,9,16,16,16,16,5,16,89,"Paid my rent, pool with friends, siblings came to town!",Slept too late,Percent of Year Slept,34.30365297,,11,,0,,0,,0,,0,,0,,0,,6,,2,,0,,1,,0,,0,,0,,0,,4,,0,,0,,0,,0,,5,,0,,,,
August 11,16,9,8,8,8,8,8,12,1,1,1,1,1,1,1,1,8,11,9,16,16,16,16,16,8,16,95,"Saw the Fishers, dinner and card games with the family",Slept too late,Average Bedtime Military Time,3.711538462,,8,,0,,0,,0,,0,,0,,0,,6,,2,,0,,1,,1,,0,,0,,0,,6,,0,,0,,0,,0,,7,,0,,,,
August 12,16,16,16,9,8,8,8,8,8,13,13,13,13,13,13,9,1,9,11,11,6,12,1,1,16,17,84,"Moved in, went to see Dan, Chili's with Allison",,Average Awakening Military Time,11.14285714,,3,,0,,0,,0,,0,,1,,0,,5,,3,,0,,2,,1,,6,,0,,0,,3,,0,,0,,0,,0,,5,,0,,,,
August 13,1,1,1,1,1,1,1,1,1,1,1,1,1,1,8,17,13,13,13,2,2,6,7,8,-2,14,82,"Walmart/errands, made my room, gym, dinner with Ny",Slept too late,May 2018,4.571428571,,14,,2,,0,,0,,0,,1,,1,,2,,0,,0,,0,,0,,3,,0,,0,,0,,1,,0,,0,,0,,0,,0,,,,
August 14,8,8,1,1,1,1,1,1,12,4,4,11,6,11,11,11,13,17,17,15,15,15,15,15,3,8,86,"Class, lab cancelled, Fall Kickoff, Wine night, Corner Bar",,June 2018,3.8,,6,,0,,0,,2,,0,,1,,0,,2,,0,,0,,4,,1,,1,,0,,5,,0,,2,,0,,0,,0,,9,,2,,,,
August 15,15,15,1,1,1,1,1,1,12,2,2,19,6,6,4,5,5,5,11,11,17,2,2,12,3,8,86,"Lifted weights, Studied, lunch w friends, class, best buy, basketball",,July 2018,3.935483871,,6,,4,,0,,1,,3,,2,,0,,0,,0,,0,,2,,2,,0,,0,,2,,0,,1,,0,,1,,0,,4,,5,,,,
August 16,8,1,1,1,1,1,1,1,12,4,4,19,6,10,4,9,17,9,16,9,8,12,15,15,1,8,90,"Class, study, lunch, melissa, lab, best buy, went home, 220 and limelight",,August 2018 Awakening,4.451612903,,7,,0,,0,,3,,0,,1,,0,,2,,3,,1,,0,,2,,0,,0,,2,,1,,1,,0,,1,,0,,4,,4,,,,
August 17,15,15,10,10,1,1,1,1,10,11,6,6,7,20,20,20,20,20,7,11,11,7,15,15,4,8,91,"Saw Autumn/Allison, Meeting with Cathy Akens and Croatt Group. Tara, KDR's Fall Forward",,September 2018,4.2,,4,,0,,0,,0,,0,,2,,3,,0,,0,,3,,3,,0,,0,,0,,4,,0,,0,,0,,0,,5,,10,,0,,,,
August 18,15,15,15,1,1,1,1,1,1,1,7,8,8,8,9,13,9,17,17,17,17,13,14,14,3,10,87,"Grandma’s, ran errands for Pi Kapp, ran risk for the party",,October 2018,3.870967742,,7,,0,,0,,0,,0,,0,,1,,3,,2,,0,,0,,0,,2,,2,,3,,0,,4,,0,,0,,0,,5,,0,,,,
August 19,14,14,10,8,1,1,1,1,1,9,3,3,3,3,3,3,3,3,9,20,20,8,8,8,4,9,67,"Work, chapter","Got sick. Ear infection worsening despite getting better, now have sore throat",Nov 2018,3.633333333,,5,,0,,8,,0,,0,,0,,0,,4,,2,,1,,0,,0,,0,,2,,0,,0,,0,,0,,0,,2,,3,,0,,,,
August 20,1,1,1,1,1,1,1,1,1,1,1,8,6,6,4,4,4,5,6,11,11,2,2,2,0,11,73,"Class, study, Home Slice w Allison/Brianna, gym w Brendan, P90x abs","Still sick, went to eat with friends instead of doing class work",December 2018 Bedtime,3.032258065,,11,,3,,0,,3,,1,,3,,0,,1,,0,,0,,2,,0,,0,,0,,0,,0,,0,,0,,0,,0,,2,,4,,,,
August 21,12,8,8,1,1,1,1,1,1,4,4,5,6,4,4,4,5,5,6,8,5,2,2,12,3,9,82,"Class, study, Caf, bball",,January 2019 Bedtime,3.580645161,,6,,2,,0,,5,,4,,2,,0,,3,,0,,0,,0,,2,,0,,0,,0,,0,,0,,0,,0,,0,,0,,9,,,,
August 22,8,1,1,1,1,1,1,1,1,1,1,8,6,6,4,4,5,6,6,17,17,17,6,11,1,11,94,"Lunch, class(work), oldtown, Hawaiian party shopping, oldtown, talk w Allison",,February 2019 Bedtime,3.321428571,,10,,0,,0,,2,,1,,5,,0,,2,,0,,0,,1,,0,,0,,0,,0,,0,,3,,0,,0,,0,,1,,3,,,,
August 23,11,11,11,11,11,11,1,1,1,1,1,1,1,1,4,4,4,6,5,5,11,2,2,11,6,14,86,"Class, dinner with Lauren, studied/hung with Brandon, basketball, Winston’s",Slept too late,March 2019 Bedtime,2.709677419,,8,,2,,0,,3,,2,,1,,0,,0,,0,,0,,8,,0,,0,,0,,0,,0,,0,,0,,0,,0,,8,,5,,,,
August 24,6,8,8,8,1,1,1,1,1,1,1,1,1,12,6,6,17,17,6,6,11,11,11,11,4,13,92,"Met Owen for lunch, wig shopping w Ny, Kiosco w Allison/Brenna, hung out w Allison",,April 2019 Bedtime,4.5,,9,,0,,0,,0,,0,,5,,0,,3,,0,,0,,4,,1,,0,,0,,0,,0,,2,,0,,0,,0,,4,,0,,,,
August 25,11,11,8,1,1,1,1,1,1,8,6,13,17,13,13,13,13,10,10,13,17,11,14,14,3,9,98,"Chikfila w Winston, Lowes/house prep. Hawaiian party, Jake's diner with Hayley",,May 2019 Bedtime,2.5625,,6,,0,,0,,0,,0,,1,,0,,2,,0,,2,,3,,0,,6,,2,,0,,0,,2,,0,,0,,0,,7,,0,,,,
August 26,14,10,10,12,1,1,1,1,1,9,3,3,3,3,3,3,3,3,9,20,20,20,7,8,4,9,82,"Work w Cave, Ritual of Initiation, relaxed, facetimed Autumn",,May 2018 Awakening,12.92857143,,5,,0,,8,,0,,0,,0,,1,,1,,2,,2,,0,,1,,0,,1,,0,,0,,0,,0,,0,,3,,3,,0,,,,
August 27,8,11,11,1,1,1,1,1,1,1,1,1,1,12,4,4,4,5,6,2,2,2,2,7,3,13,55,"Class, library, The Den w/ friends, chest w/ Fish, bball brothers/PNM’s","People wasting my time, not getting my work done, stress about money/rent",June 2018 Awakening,10.96666667,,10,,4,,0,,3,,1,,1,,1,,1,,0,,0,,2,,1,,0,,0,,0,,0,,0,,0,,0,,0,,2,,4,,,,
August 28,11,11,11,1,1,1,1,1,1,4,4,6,5,4,4,4,8,1,1,1,8,6,5,2,3,9,80,"Class, lunch, lab, nap, bojangles, P90x",,July 2018 Awakening,11.77419355,,9,,1,,0,,5,,2,,2,,0,,2,,0,,0,,3,,0,,0,,0,,0,,0,,0,,0,,0,,0,,3,,7,,,,
August 29,8,8,1,1,1,1,1,1,6,2,2,8,6,11,4,8,8,8,6,11,11,2,2,12,2,8,77,"Gym, lunch, class, relaxed, Old Town with Josh/Pate, bball",,August 2018 Awakening,11.80645161,,6,,4,,0,,1,,0,,3,,0,,6,,0,,0,,3,,1,,0,,0,,0,,0,,0,,0,,0,,0,,3,,1,,,,
August 30,11,8,8,1,1,1,1,1,8,4,4,6,5,5,4,4,4,6,6,2,2,11,11,6,3,8,77,"Class, lunch w MJ, study, lab, dinner w Lauren, gym, met w Brendan, Waffle House",,September 2018 Awakening,11.13333333,,5,,2,,0,,5,,2,,4,,0,,3,,0,,0,,3,,0,,0,,0,,0,,0,,0,,0,,0,,0,,3,,7,,,,
August 31,8,1,1,1,1,1,1,1,1,1,1,1,1,1,8,6,1,9,3,3,3,3,3,3,1,14,77,"Got Zaxby's, napped, worked with Ah",,October 2018 Awakening,11.12903226,,14,,0,,6,,0,,0,,1,,0,,2,,1,,0,,0,,0,,0,,0,,0,,0,,0,,0,,0,,0,,0,,0,,,,
September 1,3,3,9,8,1,1,1,1,1,1,1,1,1,8,6,8,8,9,3,3,3,3,3,3,4,13,84,"Stamey's with Ny/Jeffrey, relaxed, work with Cave, slept at Allison’s",,November 2018 Awakening,11.73333333,,9,,0,,8,,0,,0,,1,,0,,4,,2,,0,,0,,0,,0,,0,,0,,0,,0,,0,,0,,0,,0,,0,,,,
September 2,9,11,11,11,1,1,1,1,1,1,1,1,11,11,6,8,8,9,3,3,3,3,3,3,4,12,79,"IHOP w Allison/Brianna/Brendan, Work w/ Dallara",,December 2018 Awakening,10.4516129,,8,,0,,6,,0,,0,,1,,0,,2,,2,,0,,5,,0,,0,,0,,0,,0,,0,,0,,0,,0,,5,,0,,,,
September 3,3,3,9,8,1,1,1,1,1,1,1,1,1,1,12,9,16,16,16,9,5,5,5,5,4,14,84,"Papa’s bday, saw Aunt’s/dad. Studied for Plant Diversity. Autumn came over",,January 2019 Awakening,10.90322581,,10,,0,,2,,0,,4,,0,,0,,1,,3,,0,,0,,1,,0,,0,,0,,3,,0,,0,,0,,0,,3,,4,,,,
September 4,5,5,10,10,1,1,1,1,10,4,4,6,1,1,1,1,8,9,3,3,3,3,3,3,4,8,82,"Plant Diversity quiz, ate w Winston/Sav, slept before Work w/ Cave",,February 2019 Awakening,10.07142857,,8,,0,,6,,2,,2,,1,,0,,1,,1,,3,,0,,0,,0,,0,,0,,0,,0,,0,,0,,0,,3,,4,,,,
September 5,3,3,9,8,8,1,1,1,1,1,1,1,1,1,8,8,13,5,5,6,2,2,2,12,5,13,85,"Bank, studying, The Den with Allison, basketball",,March 2019 Awakening,11.41935484,,9,,3,,2,,0,,2,,1,,0,,4,,1,,0,,0,,1,,1,,0,,0,,0,,0,,0,,0,,0,,0,,2,,,,
September 6,8,1,1,8,8,1,1,1,1,4,4,6,11,1,4,4,4,6,9,9,2,2,2,10,5,9,81,"Plant Diversity, lunch with friends, library, lab, dinner/burlington with Lauren, basketball, study with Melissa",,April 2019 Awakening,10.46666667,,7,,3,,0,,5,,0,,2,,0,,3,,2,,1,,1,,0,,0,,0,,0,,0,,0,,0,,0,,0,,2,,5,,,,
September 7,10,10,8,1,1,1,1,1,1,1,9,13,18,18,20,20,20,11,11,15,15,15,15,15,3,10,87,"IRS, saw mom, haircut, FAFSA, group meeting, Pi Kapp cookout, Pete’s","Money running low, Mac Miller died",May 2019 Awakening,10.75,,7,,0,,0,,0,,0,,0,,0,,1,,1,,2,,2,,0,,1,,0,,5,,0,,0,,2,,0,,3,,9,,0,,,,
September 8,15,15,8,1,1,1,1,1,1,1,8,11,11,9,16,16,16,1,1,16,9,8,14,14,3,10,86,"Kick for a Wish, Julianne's birthday, party",,Monday,3.803921569,,9,,0,,0,,0,,0,,0,,0,,3,,2,,0,,2,,0,,0,,2,,2,,4,,0,,0,,0,,0,,10,,0,,,,
September 9,14,14,6,7,7,1,1,1,1,1,1,1,1,1,13,8,13,13,20,20,5,5,5,5,5,14,84,"House cleaning, apartment cleaning, life prioritizing, chapter, homework",,Tuesday,3.461538462,,9,,0,,0,,0,,4,,1,,2,,1,,0,,0,,0,,0,,3,,2,,0,,0,,0,,0,,0,,2,,2,,4,,,,
September 10,5,8,8,8,8,1,1,1,1,1,1,1,8,6,4,4,4,5,6,6,20,8,8,8,5,12,80,"Lunch, classes, scheduling, dinner with Allison, rush week, relaxed",Didn't get up to go to the gym!,Wednesday,3.431372549,,7,,0,,0,,3,,2,,3,,0,,8,,0,,0,,0,,0,,0,,0,,0,,0,,0,,0,,0,,1,,0,,5,,,,
September 11,8,1,8,5,1,1,1,1,1,4,4,6,5,4,4,4,5,6,20,8,2,2,2,5,4,9,82,"Class, lunch, lib, lab, dinner w MJ, rush week, basketball, Crazy Rich Asians",,Thursday,3.769230769,,6,,3,,0,,5,,4,,2,,0,,3,,0,,0,,0,,0,,0,,0,,0,,0,,0,,0,,0,,1,,0,,9,,,,
September 12,6,7,7,8,1,1,1,1,1,1,1,1,8,8,8,5,5,8,6,20,8,8,8,8,4,12,81,"Did lab work with Brandon, bojangles, Bid voting, relaxed at home",,Friday,4.115384615,,8,,0,,0,,0,,2,,2,,2,,9,,0,,0,,0,,0,,0,,0,,0,,0,,0,,0,,0,,1,,0,,2,,,,
September 13,8,8,8,7,8,1,1,1,1,1,1,1,8,8,6,2,2,6,8,11,11,11,11,11,5,12,91,"EUC with Fish, bball then caf with Hank, watched Hereditary with Friends, spent the night at Allison's",,Saturday,3.476190476,,7,,2,,0,,0,,0,,2,,1,,7,,0,,0,,5,,0,,0,,0,,0,,0,,0,,0,,0,,0,,5,,0,,,,
September 14,11,11,11,11,1,1,1,1,1,1,1,1,1,8,6,12,1,9,3,3,3,3,3,3,4,13,81,"Left Allison's, got Wendy's, got ready for work (and napped) w/ Falbo",,Sunday,3.730769231,,10,,0,,6,,0,,0,,1,,0,,1,,1,,0,,4,,1,,0,,0,,0,,0,,0,,0,,0,,0,,4,,0,,,,
September 15,3,3,9,8,1,1,1,1,1,9,10,10,10,9,9,6,1,9,3,3,3,3,3,3,4,9,86,"Full Bloom Film Fest for Thatcher. Kiosco to go, nap, perfect shift w Ah",,Weekdays,3.635294118,,6,,0,,8,,0,,0,,1,,0,,1,,5,,3,,0,,0,,0,,0,,0,,0,,0,,0,,0,,0,,3,,0,,,,
September 16,3,3,9,1,1,1,1,1,1,1,1,1,1,8,8,1,1,9,3,3,3,3,3,3,3,13,78,Woke up and did nothing. Went back to sleep. Work with Dr. Ah.,Didn't do anything before work. Felt unproductive,Weekends,3.808823529,,12,,0,,8,,0,,0,,0,,0,,2,,2,,0,,0,,0,,0,,0,,0,,0,,0,,0,,0,,0,,0,,0,,,,
September 17,3,3,9,8,1,1,1,1,1,1,1,8,6,6,2,11,11,8,5,6,6,1,1,5,4,11,86,"Classes still cancelled from Florence. Lunch with Lauren, bball, talkted to Brandon, dinner and Krispy Kreme with Allison, ran 4.5 miles",,Average Awakening Monday,12.07692308,,9,,1,,2,,0,,2,,4,,0,,3,,1,,0,,2,,0,,0,,0,,0,,0,,0,,0,,0,,0,,2,,2,,,,
September 18,2,12,5,5,1,1,1,1,5,4,4,6,5,5,5,5,5,5,5,5,5,15,15,15,4,8,97,"Tried the 3, 6, 9, 12 challenge. Lab Report all day. Corner Bar, Hayley Wolfington, Failed the 3 6 9 12 challenge miserably.",,Average Awakening Tuesday,10.49019608,,4,,1,,0,,2,,12,,1,,0,,0,,0,,0,,0,,1,,0,,0,,3,,0,,0,,0,,0,,0,,3,,14,,,,
September 19,15,15,15,1,1,1,1,1,1,1,1,1,1,8,8,8,6,1,1,1,8,8,8,5,3,13,86,"Laid in bed, bojangles, nap, relaxed, study, subway, Legend of Korra","Hungover, skipped class, poor diet, felt gross, room messy, slept too long",Average Awakening Wednesday,11.55769231,,13,,0,,0,,0,,1,,1,,0,,6,,0,,0,,0,,0,,0,,0,,3,,0,,0,,0,,0,,0,,3,,1,,,,
September 20,5,6,5,7,7,1,1,1,1,4,4,6,5,5,4,4,4,8,6,11,1,1,8,6,5,9,86,"Plant Diversity, lunch with Allison, hw, lab, Clifton's, hw with Brandon",Napped towards the night time,Average Awakening Thursday,9.705882353,,6,,0,,0,,5,,4,,4,,2,,2,,0,,0,,1,,0,,0,,0,,0,,0,,0,,0,,0,,0,,1,,9,,,,
September 21,5,7,7,7,7,1,1,1,1,1,1,1,1,8,7,10,12,9,3,3,3,3,3,3,5,13,87,"Alan Alda talk, library with Melissa, work w K, hospital for Brendan",,Average Awakening Friday,11.54761905,,8,,0,,6,,0,,1,,0,,5,,1,,1,,1,,0,,1,,0,,0,,0,,0,,0,,0,,0,,0,,1,,1,,,,
September 22,3,3,9,11,8,8,1,1,1,1,1,1,1,1,8,8,3,8,1,8,8,8,5,5,6,14,82,"Work meeting, Holly, watched more Korra, studied for classes",,Average Awakening Saturday,11.13461538,,9,,0,,3,,0,,2,,0,,0,,8,,1,,0,,1,,0,,0,,0,,0,,0,,0,,0,,0,,0,,1,,2,,,,
September 23,5,5,7,1,1,1,1,1,1,1,1,1,8,8,8,12,13,9,3,3,3,3,3,3,3,12,86,"Wild shift, 5 codes! Did homework. Watched Korra",,Average Awakening Sunday,10.88571429,,9,,0,,6,,0,,2,,0,,1,,3,,1,,0,,0,,1,,1,,0,,0,,0,,0,,0,,0,,0,,0,,2,,,,
September 24,3,3,9,5,8,7,1,1,1,1,1,8,8,12,4,4,4,5,6,8,1,1,1,5,6,11,78,"Lunch, classes, lib, dinner with new guys and Allison",,Average Awakening Weekdays,11.09019608,,8,,0,,2,,3,,3,,1,,1,,4,,1,,0,,0,,1,,0,,0,,0,,0,,0,,0,,0,,0,,0,,6,,,,
September 25,8,8,8,7,7,1,1,1,1,4,4,6,5,4,4,4,1,1,6,5,5,5,10,10,5,9,85,"Plant quiz, eco/evo lab, nap, studied for evo exam, cards with Jasmine",,Average Awakening Weekends,10.85294118,,6,,0,,0,,5,,4,,2,,2,,3,,0,,2,,0,,0,,0,,0,,0,,0,,0,,0,,0,,0,,2,,9,,,,
September 26,10,8,7,1,1,1,1,1,1,1,1,8,6,6,4,11,7,11,17,6,2,2,2,12,3,11,86,"Lunch w MJ, Evo exam, finished Korra, stripper pole, fabric shopping, bball, cards with Jasmine",,,86.75,,8,,3,,0,,1,,0,,3,,2,,2,,0,,1,,2,,1,,0,,0,,0,,0,,1,,0,,0,,0,,3,,1,,,,
September 27,10,10,8,8,1,1,1,1,1,4,4,6,6,6,4,4,4,12,6,11,11,11,11,11,4,9,91,"Caf with friends, Jake's billiards with Josh and Jake, cards with Winston, Sav, Allison, Brianna, Brendan, and Hank.",,0.3430365297,8760,,5,,0,,0,,5,,0,,4,,0,,2,,0,,2,,5,,1,,0,,0,,0,,0,,0,,0,,0,,0,,7,,5,,,,
September 28,11,11,6,1,1,1,1,1,1,1,1,1,8,12,13,13,13,11,11,12,8,11,14,14,3,12,88,"Cut bamboo for Jungle Party, Celebration Station, ADPi mixer, cards with Jasmine",,(2) Exercise Info,,,9,,0,,0,,0,,0,,1,,0,,2,,0,,0,,5,,2,,3,,2,,0,,0,,0,,0,,0,,0,,7,,0,,,,
September 29,10,10,10,8,1,1,1,1,8,9,3,3,3,3,3,3,3,3,9,17,13,12,15,15,4,8,97,"Work w Cave, trip for keg/fan, Jungle setup, Jungle party, Hayley's, spent the night at Jasmine's",,,,,4,,0,,8,,0,,0,,0,,0,,2,,2,,3,,0,,1,,1,,0,,2,,0,,1,,0,,0,,0,,5,,0,,,,
September 30,15,10,10,10,10,1,1,1,1,1,1,10,10,10,6,8,1,1,1,20,13,6,13,5,5,11,90,"Jasmine's, talked with Tara, got my car/Wendy's, nap, chapter, Jungle cleanup, Kiosco, chores, studying. told my friends I loved them","Morale of the chapter is low, two pledges left.",Average Per Week,2.519230769,,9,,0,,0,,0,,1,,2,,0,,1,,0,,7,,0,,0,,2,,0,,1,,0,,0,,0,,0,,1,,8,,1,,,,
October 1,5,5,5,5,8,1,1,1,1,1,1,1,8,6,4,4,4,11,11,5,5,5,5,5,5,12,87,"Studied, classes, studied. Man on a mission right now.",,Most Hours/Week,11,,7,,0,,0,,3,,9,,1,,0,,2,,0,,0,,2,,0,,0,,0,,0,,0,,0,,0,,0,,0,,2,,12,,,,
October 2,5,5,5,5,5,13,1,1,1,1,1,8,13,4,4,4,6,20,20,10,10,5,5,5,6,11,78,"Lab, Chipotle with MJ, spoke at AMSA, Mel came over, studied, cookout with Lauren",Didn't study enough like I wanted too. Took on random things,Least Hours/Week,0,,5,,0,,0,,3,,8,,1,,0,,1,,0,,2,,0,,0,,2,,0,,0,,0,,0,,0,,0,,2,,2,,11,,,,
October 3,5,8,11,8,8,1,1,1,1,1,1,1,1,8,5,5,5,5,20,5,5,5,5,5,5,13,78,"Library, Chancellor meeting for Greek heads, studied soooo much",Studied longer than I wanted to need to,Most Exercise in a Day,5,,8,,0,,0,,0,,10,,0,,0,,4,,0,,0,,1,,0,,0,,0,,0,,0,,0,,0,,0,,1,,1,,10,,,,
October 4,5,5,5,5,5,5,1,1,1,4,4,6,6,6,11,11,13,8,11,11,11,11,11,1,6,9,82,"Plant Diversity midterm, Cadillac Service Garage dinner for student leaders",Frustrated by 83 grade. Frustrated I was used for a ride. 82 would've been 88 if not for the last hour,,,,4,,0,,0,,2,,6,,3,,0,,1,,0,,0,,7,,0,,1,,0,,0,,0,,0,,0,,0,,0,,7,,8,,,,
October 5,1,6,1,1,1,1,1,1,1,1,1,1,1,8,8,8,8,1,1,1,8,6,8,8,-1,13,81,"Sat at home, social media and youtube or napped. Got mcdonalds late.","Didn't do anything, bored.",(3) Work Info,,,15,,0,,0,,0,,0,,2,,0,,7,,0,,0,,0,,0,,0,,0,,0,,0,,0,,0,,0,,0,,0,,0,,,,
October 6,8,8,8,8,8,1,1,1,1,9,3,3,3,3,3,3,3,3,9,10,10,10,15,10,5,9,86,"Work with Cave, Soccer game with Mel, Jake's Billiards, hung with Autumn",,,,,4,,0,,8,,0,,0,,0,,0,,5,,2,,4,,0,,0,,0,,0,,1,,0,,0,,0,,0,,0,,5,,0,,,,
October 7,10,10,1,1,1,1,1,1,1,9,3,3,3,3,3,3,3,3,9,16,16,16,7,7,2,9,87,"Work with Dallara, Mi Pueblo with my parents and Julianne. Guitar Hero",,Average Per Week,16.01923077,,7,,0,,8,,0,,0,,0,,2,,0,,2,,2,,0,,0,,0,,0,,0,,3,,0,,0,,0,,0,,5,,0,,,,
October 8,8,7,7,1,1,1,1,1,1,1,1,1,1,1,8,8,7,13,13,2,11,11,11,11,3,14,88,"Cleaned apartment, friends came over for movie night, sleepover at Katie/Kara's",,Most Hours/Week,40,,11,,1,,0,,0,,0,,0,,3,,3,,0,,0,,4,,0,,2,,0,,0,,0,,0,,0,,0,,0,,4,,0,,,,
October 9,11,11,11,11,1,1,1,1,1,1,1,1,11,10,10,10,10,10,10,20,10,10,10,10,4,12,90,"Stamey's/GSO w Thatcher, chapter, movie w Thatcher, sleepover at Katie/Kara's",,Least Hours/Week,0,,8,,0,,0,,0,,0,,0,,0,,0,,0,,10,,5,,0,,0,,0,,0,,0,,0,,0,,0,,1,,15,,0,,,,
October 10,11,11,11,11,1,1,1,1,1,1,1,1,1,12,1,1,1,8,8,11,11,11,11,11,4,13,87,"Went home, relaxed, Taco bell and sleepover at Katie/Kara's again",,,,,12,,0,,0,,0,,0,,0,,0,,2,,0,,0,,9,,1,,0,,0,,0,,0,,0,,0,,0,,0,,9,,0,,,,
October 11,6,11,11,11,1,1,1,1,1,11,11,4,6,12,2,2,8,6,6,5,5,11,11,11,4,9,85,"Plant Lab, Basketball, Hurricane Michael, Taco Bao w Lauren, Bio Clocks HW w Brandon, movie and sleepover at Katie/Kara's",,(4) Class Time Info,,,5,,2,,0,,1,,2,,4,,0,,1,,0,,0,,8,,1,,0,,0,,0,,0,,0,,0,,0,,0,,8,,3,,,,
October 12,11,11,11,11,1,1,1,1,1,1,1,4,9,9,16,16,16,9,16,9,11,15,15,15,4,11,90,"Greenhouse, UNCG tour w Julianne, Old Town w Jake/Josh, Harris Teeter w MJ, Allison's w Andrew, Thatcher came over",,,,,7,,0,,0,,1,,0,,0,,0,,0,,4,,0,,5,,0,,0,,0,,3,,4,,0,,0,,0,,0,,12,,1,,,,
October 13,11,11,10,10,1,1,1,1,1,12,15,15,14,14,14,14,14,9,3,3,3,3,3,3,4,9,94,"Homecoming darty, Sam came into town, work with Dr. Ah.",,Average Per Week,5.2,,5,,0,,6,,0,,0,,0,,0,,0,,1,,2,,2,,1,,0,,5,,2,,0,,0,,0,,0,,0,,11,,0,,,,
October 14,3,3,9,11,1,1,1,1,1,1,1,1,8,8,6,8,1,1,1,8,11,11,11,11,4,12,82,"Relaxed, Wendy's with Allison, nap, Pi Kapp volleyball, all of us went to Alex's then Katie/Kara's",Took a nap on accident,Most Hours/Week,14,,11,,0,,2,,0,,0,,1,,0,,4,,1,,0,,5,,0,,0,,0,,0,,0,,0,,0,,0,,0,,5,,0,,,,
October 15,11,11,11,8,1,1,1,1,1,1,1,8,12,4,4,4,5,5,6,1,1,13,10,10,4,11,83,"Lunch w friends, classes, lib and caf w Brandon, talked with Tara",,Least Hours/Week (school year),0,,9,,0,,0,,3,,2,,1,,0,,2,,0,,2,,3,,1,,1,,0,,0,,0,,0,,0,,0,,0,,5,,5,,,,
October 16,10,10,8,8,1,1,1,1,1,4,4,6,5,4,4,4,1,9,10,10,10,10,10,10,4,9,81,"Class/lab, nap, went to Thatcher's and ate at Bad Daddy's",,,,,6,,0,,0,,5,,1,,1,,0,,2,,1,,8,,0,,0,,0,,0,,0,,0,,0,,0,,0,,0,,8,,6,,,,
October 17,9,8,8,8,8,1,1,1,1,1,1,1,1,1,8,8,6,11,11,2,2,11,11,11,5,14,91,"Relaxing, Taco Bao w Lauren, Katie/Kara's, basketball, Katie/Kara's+everyone, we drove around singing, Oakland deck dancing",Starting to feel I've not spent appropriate time on school.,(5) Schoolwork Info,,,9,,2,,0,,0,,0,,1,,0,,6,,1,,0,,5,,0,,0,,0,,0,,0,,0,,0,,0,,0,,5,,0,,,,
October 18,11,11,11,8,8,1,1,1,1,4,4,6,8,1,4,4,8,6,8,11,8,11,11,11,5,9,82,"Class, lunch w Alex, nap, lab, Wendy's, tried to sneak into Spartan Madness, went to Katie/Kara's then Allison's",,,,,5,,0,,0,,4,,0,,2,,0,,6,,0,,0,,7,,0,,0,,0,,0,,0,,0,,0,,0,,0,,7,,4,,,,
October 19,11,8,8,1,1,1,1,1,1,1,1,1,6,11,8,5,5,11,11,8,11,11,7,7,3,12,97,"Lunch w Emily, Bio 425 HW, Bird Scooter highlight film, saw Halloween, Arizona Pete's, Katie/Karas, MJ's",,Average Per Day,1.038356164,,9,,0,,0,,0,,2,,1,,2,,4,,0,,0,,6,,0,,0,,0,,0,,0,,0,,0,,0,,0,,6,,2,,,,
October 20,15,15,15,15,15,11,11,1,1,1,1,11,11,6,8,8,1,9,3,3,3,3,3,3,7,11,82,"MJ, mcdonalds, relaxing, nap, work with Dallara",,Most Hours Per Day,14,,5,,0,,6,,0,,0,,1,,0,,2,,1,,0,,4,,0,,0,,0,,5,,0,,0,,0,,0,,0,,9,,0,,,,
October 21,3,3,9,8,1,1,1,1,1,1,1,1,1,8,8,1,1,8,20,20,2,2,2,12,4,13,82,"Relaxed, nap, chapter, basketball, chores",,Average Per Week,9.475,,11,,3,,2,,0,,0,,0,,0,,4,,1,,0,,0,,1,,0,,0,,0,,0,,0,,0,,0,,2,,0,,0,,,,
October 22,13,8,8,1,1,1,1,1,1,1,1,8,6,5,4,4,4,11,6,6,8,1,8,8,3,11,80,"Lunch w Bailey, classes, Greek Picnic, Homeslice w Allison, studied/did HW",,Most Hours/Week,35,,9,,0,,0,,3,,1,,3,,0,,6,,0,,0,,1,,0,,1,,0,,0,,0,,0,,0,,0,,0,,1,,4,,,,
October 23,5,8,8,8,1,1,1,1,1,4,4,6,11,4,4,4,5,6,6,8,1,11,5,5,4,9,79,"Class, lunch w random AXO's+Katie/Kara, lab, library, dinner w MJ, nap, Katie/Kara came over, HW, Tara spent the night",,Least Hours/Week,0,,6,,0,,0,,5,,4,,3,,0,,4,,0,,0,,2,,0,,0,,0,,0,,0,,0,,0,,0,,0,,2,,9,,,,
October 24,10,5,8,1,1,1,1,1,1,1,10,10,11,11,4,8,8,2,2,2,17,11,15,15,3,10,90,"Tara, Smith Street with Sammy, evolution, relaxed, bball vs Sig Ep, alcohol run w Lauren, Katie/Kara came over, slept at Katie/Kara's",,,,,7,,3,,0,,1,,1,,0,,0,,3,,0,,3,,3,,0,,0,,0,,2,,0,,1,,0,,0,,0,,8,,2,,,,
October 25,15,15,15,15,1,1,1,1,1,1,1,1,6,6,4,4,8,5,6,11,1,11,11,11,4,12,82,"Skipped class, dinner w Lauren, Mr. Greek competition, hung out with Brianna, slept at Katie/Kara's.",,(6) Eating Info,,,9,,0,,0,,2,,1,,3,,0,,1,,0,,0,,4,,0,,0,,0,,4,,0,,0,,0,,0,,0,,8,,3,,,,
October 26,11,11,11,11,1,1,1,1,1,1,1,1,11,11,11,8,8,1,12,6,17,11,11,11,4,12,82,"Katie/Kara's, relaxed at home, went to San Luis w girls/Hank/Alex. Recreated vines, sleepover at Katie/Kara's.",,,,,9,,0,,0,,0,,0,,1,,0,,2,,0,,0,,10,,1,,0,,0,,0,,0,,1,,0,,0,,0,,10,,0,,,,
October 27,11,11,11,11,1,1,1,1,1,1,1,12,9,11,11,11,11,9,3,3,3,3,3,3,4,11,84,"Katie/Kara's, Lexington Barbecue festival w Allison/Brianna/Katie/Kara/Alex, stopped by Katie's, Work w Guha.",,Average Per Day,0.9726027397,,7,,0,,6,,0,,0,,0,,0,,0,,2,,0,,8,,1,,0,,0,,0,,0,,0,,0,,0,,0,,8,,0,,,,
October 28,3,3,9,9,1,1,1,1,1,1,1,1,8,1,1,1,12,9,3,3,3,3,3,3,4,12,78,"Slept all day, work w Dallara (got off early)","Barely studied at all, I should have",Most Hours Per Day,5,,11,,0,,8,,0,,0,,0,,0,,1,,3,,0,,0,,1,,0,,0,,0,,0,,0,,0,,0,,0,,0,,0,,,,
October 29,3,3,5,5,8,1,1,1,1,1,1,1,1,4,4,4,4,11,6,12,1,8,10,10,5,13,82,"Evolution & Bio clocks exam, dinner w Allison/Brianna/Kara/Alex. McDonalds and netflix w Tara",,Average Per Week,6.769230769,,9,,0,,2,,4,,2,,1,,0,,2,,0,,2,,1,,1,,0,,0,,0,,0,,0,,0,,0,,0,,3,,6,,,,
October 30,10,8,8,5,1,1,1,1,1,1,1,1,12,4,4,4,6,17,17,10,10,13,1,1,4,12,81,"Evolution lab, caf, shopping w Winston, shopping w Tara, got a mattress pad",Late on lab report,Most Hours/Week,17,,10,,0,,0,,3,,1,,1,,0,,2,,0,,3,,0,,1,,1,,0,,0,,0,,2,,0,,0,,0,,3,,4,,,,
October 31,1,1,1,1,1,1,1,1,5,5,8,1,6,6,5,5,5,5,13,13,13,15,15,15,-2,8,91,"Lab report, caf w Lauren, lab report in library, party setup, Halloween party, NBA highlights",,Least Hours/Week,1,,9,,0,,0,,0,,6,,2,,0,,1,,0,,0,,0,,0,,3,,0,,3,,0,,0,,0,,0,,0,,3,,6,,,,
November 1,15,15,8,1,1,1,1,1,5,8,1,1,1,1,4,4,5,5,6,11,11,11,11,8,3,8,92,"Plant Diversity HW, back to sleep, Lab, studied Plant Diversity, Chili's w Jake/Josh, lab report, spent the night at Allison's",,,,,9,,0,,0,,2,,3,,1,,0,,3,,0,,0,,4,,0,,0,,0,,2,,0,,0,,0,,0,,0,,6,,5,,,,
November 2,5,5,11,11,1,1,1,1,1,1,1,1,8,8,11,6,5,9,3,3,3,3,3,3,4,12,79,"Allison's, bojangles with her/Brianna, finished lab report, Work w Ah.",,(7) Relaxing Info,,,8,,0,,6,,0,,3,,1,,0,,2,,1,,0,,3,,0,,0,,0,,0,,0,,0,,0,,0,,0,,3,,3,,,,
November 3,3,3,9,8,1,1,1,1,1,1,1,1,8,1,1,1,1,11,12,15,15,15,15,15,4,12,87,"Kara/Brenna randomly came, AXO mixer at corner bar, boxcar w Kara/Brenna, Katie/Allison picked me up, Hayley spent the night.",,,,,12,,0,,2,,0,,0,,0,,0,,2,,1,,0,,1,,1,,0,,0,,5,,0,,0,,0,,0,,0,,6,,0,,,,
November 4,15,15,10,10,1,1,1,1,8,1,1,1,1,1,8,8,12,9,3,3,3,3,3,3,4,14,79,"Relaxed, Work with Dallara",Drama with friends,Average Per Day,0.9753424658,,9,,0,,6,,0,,0,,0,,0,,3,,1,,2,,0,,1,,0,,0,,2,,0,,0,,0,,0,,0,,4,,0,,,,
November 5,3,3,9,8,8,1,1,1,1,1,1,1,1,1,1,4,4,5,11,6,11,20,8,5,5,15,77,"Bank for rent, Bio Clocks, library w friends, Caf with Allison, lib w Brendan/Allison, B night Subrit",,Most Hours Per Day,14,,10,,0,,2,,2,,2,,1,,0,,3,,1,,0,,2,,0,,0,,0,,0,,0,,0,,0,,0,,1,,2,,4,,,,
November 6,8,1,1,1,1,1,1,1,1,1,5,8,4,4,4,4,8,8,1,1,11,11,10,5,1,10,76,"Eco/Evo lab, relaxed/nap, Kara/Allison/Brianna came over, Tara came over, Bio clocks HW","Didnt even start do my lab report, havent studied for quiz Thursday. Waiting on Tara",Least Hours Per Day,0,,11,,0,,0,,4,,2,,0,,0,,4,,0,,1,,2,,0,,0,,0,,0,,0,,0,,0,,0,,0,,3,,6,,,,
November 7,8,1,1,1,1,1,1,1,8,1,1,1,1,1,8,13,5,5,2,2,2,2,2,10,1,14,87,"Studied for plant diversity, bball vs international (W) and pike (L). Subway, Tara came over. Ammends with Keeton",,Average Per Week,6.596153846,,12,,5,,0,,0,,2,,0,,0,,3,,0,,1,,0,,0,,1,,0,,0,,0,,0,,0,,0,,0,,1,,2,,,,
November 8,10,10,5,5,8,1,1,1,1,4,4,8,1,1,4,4,5,6,8,8,20,20,11,11,5,9,91,"Plant Div quiz, caf w Winston/Sav, nap, plant lab, library, Chikfila w Lauren, T night subrit, Halo with Jeff, Autumn spent the night",,Most Hours/Week,34,,6,,0,,0,,4,,3,,1,,0,,4,,0,,2,,2,,0,,0,,0,,0,,0,,0,,0,,0,,2,,4,,7,,,,
November 9,10,10,10,10,1,1,1,1,1,1,1,10,13,9,9,9,13,12,20,20,11,11,11,11,4,11,81,"Took Autumn back, Flu shot, went to get vinyl w Sam, returned inflatable, initiation, Taco Bao w LJ, Chess w AJ, Kara's for her bday",,Least Hours/Week,0,,7,,0,,0,,0,,0,,0,,0,,0,,3,,5,,4,,1,,2,,0,,0,,0,,0,,0,,0,,2,,9,,0,,,,
November 10,10,8,8,8,1,1,1,1,1,9,3,3,3,3,3,3,3,3,9,6,11,11,11,10,4,9,82,"Got to eat baked apples! Work with Cave Homeslice w friends, Katie/Kara’s, surprise party for Kara at Brendan/Hank’s, got Tara after semi",,,,,5,,0,,8,,0,,0,,1,,0,,3,,2,,2,,3,,0,,0,,0,,0,,0,,0,,0,,0,,0,,5,,0,,,,
November 11,10,10,10,1,1,1,1,1,1,9,3,3,3,3,3,3,3,3,9,20,20,20,11,11,3,9,70,"Work w Cave, Chapter elections, Allison's for her venting","Allison venting to me, couldn't offer help and I feel bad",(8) Social Media/Internet Info,,,6,,0,,8,,0,,0,,0,,0,,0,,2,,3,,2,,0,,0,,0,,0,,0,,0,,0,,0,,3,,5,,0,,,,
November 12,8,8,1,1,1,1,1,1,1,1,1,1,1,1,12,4,4,5,5,6,5,5,5,5,2,14,87,"Bio Clocks, Library for report, Homeslice with Allison, library for report again",,,,,12,,0,,0,,2,,6,,1,,0,,2,,0,,0,,0,,1,,0,,0,,0,,0,,0,,0,,0,,0,,0,,8,,,,
November 13,5,5,5,5,1,1,1,1,1,1,8,6,6,4,4,4,8,17,6,17,17,11,11,5,4,10,84,"Caf with Hank, Eco/Evo Lab, Bath and Bodyworks, Pedro's w Brandon, Whiteout Shopping, Halo w Jeff, HW.",,Average Per Day,2.791780822,,6,,0,,0,,3,,5,,3,,0,,2,,0,,0,,2,,0,,0,,0,,0,,0,,3,,0,,0,,0,,2,,8,,,,
November 14,8,8,1,1,1,1,1,1,1,8,1,1,1,1,1,11,6,6,9,2,2,2,2,10,2,15,81,"Allison came over, BWWings w Pi Kapp, basketball game (W), Tara came over",,Most Hours Per Day,10,,12,,4,,0,,0,,0,,2,,0,,3,,1,,1,,1,,0,,0,,0,,0,,0,,0,,0,,0,,0,,2,,0,,,,
November 15,10,10,7,8,1,1,1,1,1,1,1,1,1,1,4,4,4,6,9,16,16,16,9,13,4,14,86,"Last plant lab, caf w Lauren/Matthew, drove hom to dad's, came back and set up for whiteout party",,Average Per Week,19.32692308,,10,,0,,0,,3,,0,,1,,1,,1,,2,,2,,0,,0,,1,,0,,0,,3,,0,,0,,0,,0,,5,,3,,,,
November 16,13,13,13,13,13,13,8,1,1,1,1,8,6,13,13,13,13,13,13,7,7,6,10,12,7,11,90,"Pedro's w/ Melissa, setup for whiteout, UNCG bball game, Oldtown w Rob/Zach McF,  Tara came over, Winston's pregame, Hayley's then pete's, waffle house to go, Autumn spent the night",,Most Hours/Week,39,,4,,0,,0,,0,,0,,2,,2,,2,,0,,1,,0,,1,,12,,0,,0,,0,,0,,0,,0,,0,,1,,0,,,,
November 17,10,14,14,6,10,1,1,1,1,9,3,3,3,3,3,3,3,3,9,13,14,15,15,15,5,9,86,"Work w/ Guha, setup then Whiteout party, Tara spent the night",Relationship stress,Least Hours/Week,0,,4,,0,,8,,0,,0,,1,,0,,0,,2,,2,,0,,0,,1,,3,,3,,0,,0,,0,,0,,0,,8,,0,,,,
November 18,15,15,15,10,1,1,1,1,1,1,17,6,11,6,11,11,11,1,1,1,1,10,10,10,4,10,88,"Got yams, cooked them, Friendsgiving at Winstons, napped, Hayley's, Autumn spent the night",,,,,10,,0,,0,,0,,0,,2,,0,,0,,0,,4,,4,,0,,0,,0,,3,,0,,1,,0,,0,,0,,11,,0,,,,
November 19,10,10,10,10,1,1,1,1,1,1,1,10,10,5,11,4,4,6,2,2,2,2,2,10,4,11,87,"Autumn, schoolwork, treehouse cleanup, caf w Allison, bball vs tdelt (L)",,(9) Transportation Info,,,7,,5,,0,,2,,1,,1,,0,,0,,0,,7,,1,,0,,0,,0,,0,,0,,0,,0,,0,,0,,8,,3,,,,
November 20,11,11,5,8,1,1,1,1,1,1,1,1,6,8,11,11,11,11,11,11,11,11,15,15,4,12,91,"Lunch and Cheesecake by Alex w Lauren, hung with MJ, pregame at my place for Brianna’s 21st, corner bar",,,,,8,,0,,0,,0,,1,,1,,0,,2,,0,,0,,10,,0,,0,,0,,2,,0,,0,,0,,0,,0,,12,,1,,,,
November 21,15,8,8,1,1,1,1,1,1,1,1,1,8,8,2,2,2,7,7,11,7,1,7,7,3,12,86,"Gym w Brandon/Fish, duke & lakers game w them/Hank, nap, netflix",,Average Per Week,10.23076923,,10,,3,,0,,0,,0,,0,,5,,4,,0,,0,,1,,0,,0,,0,,1,,0,,0,,0,,0,,0,,2,,0,,,,
November 22,8,8,8,8,8,1,1,1,1,1,1,9,16,16,16,16,16,16,9,7,7,16,16,16,5,11,100,"I GOT PUBLISHED!!! Thanksgiving at Grandma's then Dad's, Fantastic Beasts 2 w/ mom/Mark. Watched comedians w Mark, went home and relaxed",,Most Hours/Week,30,,6,,0,,0,,0,,0,,0,,2,,5,,2,,0,,0,,0,,0,,0,,0,,9,,0,,0,,0,,0,,9,,0,,,,
November 23,9,8,8,1,1,1,1,8,1,1,1,1,8,8,8,6,5,5,5,5,5,10,10,10,3,12,86,"Relaxed, wendy's, organized myself for school work, started ted talk application, Big Hero 6 w Autumn, she spent the night.",,Least Hours/Week,2,,8,,0,,0,,0,,5,,1,,0,,6,,1,,3,,0,,0,,0,,0,,0,,0,,0,,0,,0,,0,,3,,5,,,,
November 24,10,10,10,1,1,1,1,1,1,1,1,1,1,1,1,8,12,9,3,3,3,3,3,3,3,15,80,"Took Autumn back, did my laundry, went to work w Dr. Ah.",,Most Transportation in a Day,15,,12,,0,,6,,0,,0,,0,,0,,1,,1,,3,,0,,1,,0,,0,,0,,0,,0,,0,,0,,0,,3,,0,,,,
November 25,3,3,9,8,8,1,1,1,1,1,1,1,8,9,16,16,16,9,3,3,3,3,3,3,5,12,77,"Went home, Work w Ah",,,,,7,,0,,8,,0,,0,,0,,0,,3,,3,,0,,0,,0,,0,,0,,0,,3,,0,,0,,0,,0,,3,,0,,,,
November 26,3,3,9,1,1,1,1,1,1,1,1,1,1,8,5,4,4,6,11,5,5,5,5,8,3,13,81,"Bio Clocks Final, caf, lib w friends, chess with Brandon McNeela",,(10) Significant Other Info,,,10,,0,,2,,2,,5,,1,,0,,2,,1,,0,,1,,0,,0,,0,,0,,0,,0,,0,,0,,0,,1,,7,,,,
November 27,8,8,5,5,1,1,1,1,1,4,4,6,5,5,5,17,17,11,6,13,13,13,13,13,3,8,83,"Plant Div quiz, caf, lib w Matthew, LDOC shopping and chikfila w Hank (he got a flat tire), LDOC setup, Autumn spent the night",,,,,5,,0,,0,,2,,5,,2,,0,,2,,0,,0,,1,,0,,5,,0,,0,,0,,2,,0,,0,,0,,1,,7,,,,
November 28,12,10,8,1,1,1,1,1,1,10,1,1,6,11,11,11,11,11,6,17,17,13,13,15,4,12,93,"Caf, (watched chess championships), library w friends, Ollie's w Kara, LDOC setup and party, spent the night at Katie/Kara's",,Average Per Day,1.17260274,,8,,0,,0,,0,,0,,2,,0,,1,,0,,2,,5,,1,,2,,0,,1,,0,,2,,0,,0,,0,,8,,0,,,,
November 29,15,15,1,1,1,1,1,1,1,1,1,1,11,6,6,12,8,1,1,1,8,8,5,5,2,12,82,"Caf w Allison/Kara/Katie, nap, did bio clocks HW.",TED talk not accepted,Most Hours Per Day,10,,13,,0,,0,,0,,2,,2,,0,,3,,0,,0,,1,,1,,0,,0,,2,,0,,0,,0,,0,,0,,3,,2,,,,
November 30,8,8,8,8,1,1,1,1,1,1,1,1,1,1,1,1,8,6,5,5,11,11,8,5,4,16,80,"Caf w friends, library, talked to Dan on phone, did bio clocks HW and Chanc/Amb appl. Spent the night at Katie/Kara's",,Average Per Week,8.192307692,,12,,0,,0,,0,,3,,1,,0,,6,,0,,0,,2,,0,,0,,0,,0,,0,,0,,0,,0,,0,,2,,3,,,,
December 1,5,11,11,11,1,1,1,1,1,1,1,1,1,11,7,7,9,9,3,3,3,3,3,9,4,13,88,"UNCG vs Kentucky at Katie/Kara's, got off work w Falbo early, studied",Financial stress or it would've been a 90,Most Hours/Week,26,,9,,0,,5,,0,,1,,0,,2,,0,,3,,0,,4,,0,,0,,0,,0,,0,,0,,0,,0,,0,,4,,1,,,,
December 2,5,5,5,5,5,8,1,1,1,1,1,1,1,1,8,8,6,9,3,3,3,3,3,3,6,14,86,"Relaxed, ate in the caf w Pi Kapps, work w Falbo, studied",,Least Hours/Week,0,,8,,0,,6,,0,,5,,1,,0,,3,,1,,0,,0,,0,,0,,0,,0,,0,,0,,0,,0,,0,,0,,5,,,,
December 3,9,5,5,5,8,1,1,1,1,1,1,1,5,5,5,4,5,5,5,5,2,6,5,5,5,12,87,"Studied, Evolution final, studied, ran w Brandon, got Wendy's and stopped by Brianna's, studied more.",,,,,7,,1,,0,,1,,12,,1,,0,,1,,1,,0,,0,,0,,0,,0,,0,,0,,0,,0,,0,,0,,0,,13,,,,
December 4,5,5,8,1,1,1,1,1,1,1,1,8,5,20,16,16,16,9,5,5,5,5,5,5,3,11,86,"Studied, met Mrs. Rushforth for questions, went to Grandma's, stopped by bank, studied more, Brianna/Kara brought me a frosty",,(11) Socializing Info,,,8,,0,,0,,0,,9,,0,,0,,2,,1,,0,,0,,0,,0,,0,,0,,3,,0,,0,,0,,1,,3,,9,,,,
December 5,5,5,5,5,5,8,1,1,1,1,1,1,5,5,5,20,5,8,6,5,5,5,5,5,5,12,86,"Studied, Jr Marshal Doctoral Hooding walkthrough, studied",,,,,6,,0,,0,,0,,14,,1,,0,,2,,0,,0,,0,,0,,0,,0,,0,,0,,0,,0,,0,,1,,0,,14,,,,
December 6,1,1,1,1,1,1,1,1,4,4,4,17,17,20,20,20,20,18,6,6,15,15,10,10,0,8,91,"Plant Diversity final, H&M/Express, Doctoral Hooding ceremony, haircut, Longhorn with Brandon's family, ADPi cocktail, Autumn spent the night",,Average Per Day,1.391780822,,8,,0,,0,,3,,0,,2,,0,,0,,0,,2,,0,,0,,0,,0,,2,,0,,2,,1,,0,,4,,4,,3,,,,
December 7,10,10,10,1,1,1,1,20,20,20,20,20,20,8,20,11,6,11,11,10,10,10,10,9,3,7,87,"Commencement Marshaling, relaxed, met w Advisor Dr. KR, Pedro's with Mark/Melissa, Chess w Mark, went to Thatcher's",,Most Hours/Day,10,,4,,0,,0,,0,,0,,1,,0,,1,,1,,7,,3,,0,,0,,0,,0,,0,,0,,0,,0,,7,,10,,0,,,,
December 8,8,1,1,1,1,1,1,1,1,9,3,3,3,3,3,3,3,3,9,10,10,10,10,10,1,9,84,"Work w Falbo, Tara came over and spent the night",,Least Hours/Day,0,,8,,0,,8,,0,,0,,0,,0,,1,,2,,5,,0,,0,,0,,0,,0,,0,,0,,0,,0,,0,,5,,0,,,,
December 9,10,10,8,8,1,1,1,1,1,1,10,10,11,6,11,11,11,8,7,7,1,8,8,8,4,10,84,"Tara left, Old Town w/ Jeff, Sam, and Zach. Driving in the snow, went to 220, came home to Bucks/Raptors.",,Average Per Week,9.615384615,,7,,0,,0,,0,,0,,1,,2,,6,,0,,4,,4,,0,,0,,0,,0,,0,,0,,0,,0,,0,,8,,0,,,,
December 10,8,8,1,1,1,1,1,1,1,1,8,8,19,19,19,19,19,19,8,8,10,10,10,8,2,10,84,"Started MCAT studying, Tara came over to watch movies",,Most Hours/Week,38,,8,,0,,0,,0,,0,,0,,0,,7,,0,,3,,0,,0,,0,,0,,0,,0,,0,,0,,6,,0,,3,,6,,,,
December 11,8,8,8,1,1,1,1,1,1,8,19,19,19,11,13,19,19,19,13,9,16,16,16,17,3,9,89,"Studied MCAT, talked to Ryan Kelley, went home to dads, stopped by walmart",,Least Hours/Week,0,,6,,0,,0,,0,,0,,0,,0,,4,,1,,0,,1,,0,,2,,0,,0,,3,,1,,0,,6,,0,,4,,6,,,,
December 12,9,8,1,1,1,1,1,1,1,1,8,19,19,19,19,19,19,19,13,11,11,11,11,11,2,10,91,"Studied MCAT, wendy's, Winston's, Tara's, spent the night at Katie/Kara's",,,,,8,,0,,0,,0,,0,,0,,0,,2,,1,,0,,5,,0,,1,,0,,0,,0,,0,,0,,7,,0,,5,,7,,,,
December 13,10,10,10,11,11,1,1,1,1,1,19,19,19,2,2,8,19,8,10,10,10,10,10,8,5,10,87,"Studied MCAT, went to the gym, studied more, got Mimi's with Tara watched youtube",,(12) Preparing Info,,,5,,2,,0,,0,,0,,0,,0,,3,,0,,8,,2,,0,,0,,0,,0,,0,,0,,0,,4,,0,,10,,4,,,,
December 14,8,8,1,1,1,1,1,1,1,1,1,8,8,13,11,8,8,8,8,10,10,10,10,10,2,11,87,"Took the day off MCAT, bojangles w MJ, relaxed, UNCSA Light Show with Thatcher.",,,,,9,,0,,0,,0,,0,,0,,0,,8,,0,,5,,1,,0,,1,,0,,0,,0,,0,,0,,0,,0,,6,,0,,,,
December 15,9,8,1,1,1,1,1,1,1,9,3,3,3,3,3,3,3,3,9,8,8,8,15,15,2,9,87,"Work w Guha, Andrew and Josh came over and we went to Boxcar",,Average Per Week,2.423076923,,7,,0,,8,,0,,0,,0,,0,,4,,3,,0,,0,,0,,0,,0,,2,,0,,0,,0,,0,,0,,2,,0,,,,
December 16,15,15,11,11,1,1,1,1,1,1,1,8,8,6,6,11,11,8,8,17,6,10,10,10,4,11,82,"Mad Hatter w Josh/Andrew/Anna, watched comedians, cooked dinner, Tara spent the night",Relationship stress,Most Hours/Week,8,,7,,0,,0,,0,,0,,3,,0,,4,,0,,3,,4,,0,,0,,0,,2,,0,,1,,0,,0,,0,,9,,0,,,,
December 17,10,10,1,1,1,1,1,1,1,1,1,8,10,8,1,1,8,6,11,11,11,11,8,8,2,11,84,"Napped, Zaxby's with and hung out with Lauren all day, social media until bed",,Least Hours/Week,0,,11,,0,,0,,0,,0,,1,,0,,5,,0,,3,,4,,0,,0,,0,,0,,0,,0,,0,,0,,0,,7,,0,,,,
December 18,8,8,8,8,1,1,1,1,1,9,3,3,3,3,3,3,3,3,9,8,1,1,8,8,4,9,77,"Work w Cave, saw Tara after",Relationship stress,Most Preparing in a Day,3,,7,,0,,8,,0,,0,,0,,0,,7,,2,,0,,0,,0,,0,,0,,0,,0,,0,,0,,0,,0,,0,,0,,,,
December 19,10,10,10,10,1,1,1,1,1,1,1,1,1,1,8,19,19,19,19,6,6,10,10,8,4,14,81,"Studied horribly, Jake's with Brandon, Tara came over, relaxed",,,,,10,,0,,0,,0,,0,,2,,0,,2,,0,,6,,0,,0,,0,,0,,0,,0,,0,,0,,4,,0,,6,,4,,,,
December 20,8,8,1,1,1,1,1,1,1,1,8,8,8,8,19,19,11,11,6,11,11,11,11,19,2,10,91,"Talked a bunch to my friends and family, studied MCAT, saw Autumn, Burger IM w Jake/Josh and Duke game/chess, MCAT study, walmart w Brandon",,(13) Chores Info,,,8,,0,,0,,0,,0,,1,,0,,6,,0,,0,,6,,0,,0,,0,,0,,0,,0,,0,,3,,0,,6,,3,,,,
December 21,17,19,19,19,8,1,1,8,8,8,8,8,19,19,19,13,3,3,17,2,11,11,11,13,5,7,86,"Studied, Scribe meeting, bought scrubs, gym, Brendan came over, drove home to dad's",,,,,2,,1,,2,,0,,0,,0,,0,,6,,0,,0,,3,,0,,2,,0,,0,,0,,2,,0,,6,,0,,3,,6,,,,
December 22,9,1,1,1,1,1,1,1,1,9,3,3,3,3,3,3,3,3,9,16,16,16,9,1,1,9,91,"Work with K, dinner at mom's with family, phase 10, went back to dad's",Very tired,Average Per Week,2.923076923,,9,,0,,8,,0,,0,,0,,0,,0,,4,,0,,0,,0,,0,,0,,0,,3,,0,,0,,0,,0,,3,,0,,,,
December 23,1,1,1,1,1,1,1,1,1,9,3,3,3,3,3,3,3,3,9,16,16,16,9,16,-1,9,83,"Work with K, dinner at mom's with family, phase 10, went back to dad's",,Most Hours/Week,14,,9,,0,,8,,0,,0,,0,,0,,0,,3,,0,,0,,0,,0,,0,,0,,4,,0,,0,,0,,0,,4,,0,,,,
December 24,8,8,1,1,1,1,1,1,1,1,8,8,8,8,19,19,19,16,9,9,16,16,16,16,2,10,83,"Relaxed, studied, christmas eve dinner, drove to GSO for clothes, love feast, Grandma's for presents, mom's for card games",,Least Hours/Week,0,,8,,0,,0,,0,,0,,0,,0,,6,,2,,0,,0,,0,,0,,0,,0,,5,,0,,0,,3,,0,,5,,3,,,,
December 25,16,16,16,9,1,1,1,1,1,16,1,9,16,16,16,1,1,16,9,16,16,16,16,16,4,11,93,"Christmas, presents at dads, fell asleep, presents at moms, family time, nap, went back to dad's. Saw Aunt Judi",,Most Doing Chores in a Day,12,,8,,0,,0,,0,,0,,0,,0,,0,,3,,0,,0,,0,,0,,0,,0,,13,,0,,0,,0,,0,,13,,0,,,,
December 26,16,8,8,8,1,1,1,1,1,1,1,8,8,8,8,13,9,9,13,13,17,13,7,7,4,11,97,"Relaxed, packed up/drove home (went back for speaker), set up speakers, walgreens & target, set up globe cabinet, NBA, Birdbox",,,,,7,,0,,0,,0,,0,,0,,2,,7,,2,,0,,0,,0,,4,,0,,0,,1,,1,,0,,0,,0,,1,,0,,,,
December 27,7,7,7,1,1,1,1,1,1,1,1,8,8,19,19,19,19,19,19,19,19,19,19,8,3,11,91,Studied MCAT all day,,(14) Going Out Sober,,,8,,0,,0,,0,,0,,0,,3,,3,,0,,0,,0,,0,,0,,0,,0,,0,,0,,0,,10,,0,,0,,10,,,,
December 28,7,7,1,1,1,1,1,1,1,1,1,1,8,8,8,13,13,9,3,3,3,3,3,3,2,12,93,"Relaxed, chores, work with Falbo was very enjoyable",,,,,10,,0,,6,,0,,0,,0,,2,,3,,1,,0,,0,,0,,2,,0,,0,,0,,0,,0,,0,,0,,0,,0,,,,
December 29,3,3,9,19,1,1,1,1,1,1,1,1,1,1,8,8,11,11,6,11,11,11,11,8,4,14,91,"Sam came to town, went to Jake's with he and Jake. Apartment, Jake dilemma, cookout with Sam and his friends, relaxed",,Average Per Week,0.9038461538,,10,,0,,2,,0,,0,,1,,0,,3,,1,,0,,6,,0,,0,,0,,0,,0,,0,,0,,1,,0,,6,,1,,,,
December 30,8,8,8,8,1,1,1,1,1,9,3,3,3,3,3,3,3,3,9,16,16,16,16,11,4,9,93,"Work with Khosrowpour, went to Papa's to see Aunt Kimberly/Uncle Mark. Spent the night at Katie/Kara's with Brianna",,Most Hours/Week,9,,5,,0,,8,,0,,0,,0,,0,,4,,2,,0,,1,,0,,0,,0,,0,,4,,0,,0,,0,,0,,5,,0,,,,
December 31,11,11,11,1,1,1,1,1,1,1,1,11,11,1,1,1,1,8,8,6,15,15,15,15,3,11,92,"Katie/Kara's, napped, Kiosco w Brendan, Winston's for New Year's party w Alex/Allison/Chris/Sav/Hank, cookout run and slept at Katie/Kara's",Napped instead of studying,Least Hours/Week,0,,12,,0,,0,,0,,0,,1,,0,,2,,0,,0,,5,,0,,0,,0,,4,,0,,0,,0,,0,,0,,9,,0,,,,
January 1,15,6,1,1,1,1,1,1,1,1,1,1,11,6,6,1,12,10,10,10,10,10,10,9,1,12,93,"Brendan/Alex/Allison/Chris/Sav/Brianna/Hank drove to several places for brunch, settled on Cracker Barrel, nap at Katie/Kara's, went to see THATCHER!!! Forgot my bookbag and had to drive back",,Most Sober Partying in a Day,9,,11,,0,,0,,0,,0,,3,,0,,0,,1,,6,,1,,1,,0,,0,,1,,0,,0,,0,,0,,0,,8,,0,,,,
January 2,9,9,8,8,1,1,1,1,1,1,1,1,1,8,19,19,19,19,2,2,6,11,12,19,4,13,84,"MCAT studying, gym, Stamey's with Sammy, talked at my place, Lakers vs OKC, MCAT studying",,Average Day Sober,89.08333333,,9,,2,,0,,0,,0,,1,,0,,3,,2,,0,,1,,1,,0,,0,,0,,0,,0,,0,,5,,0,,1,,5,,,,
January 3,7,19,19,8,1,1,1,1,1,9,3,3,3,3,3,3,3,3,9,9,16,16,9,8,4,9,82,"Work w Cave, went to Moose Lodge for Papa, stopped by Mom's, came home",Didn't study,,,,5,,0,,8,,0,,0,,0,,1,,2,,4,,0,,0,,0,,0,,0,,0,,2,,0,,0,,2,,0,,2,,2,,,,
January 4,8,8,8,1,1,1,1,1,1,1,1,1,8,8,8,13,13,9,3,3,3,3,3,3,3,12,87,"Relaxed, bank errands, work w Khosrowpour.",,,,,9,,0,,6,,0,,0,,0,,0,,6,,1,,0,,0,,0,,2,,0,,0,,0,,0,,0,,0,,0,,0,,0,,,,
January 5,3,3,9,8,1,1,1,1,1,1,1,1,1,8,8,19,19,19,2,12,16,9,7,7,4,13,84,"Studied MCAT, gym, showered, got food from mom, watched NBA",,(15) Partying Drinking Info,,,9,,1,,2,,0,,0,,0,,2,,3,,2,,0,,0,,1,,0,,0,,0,,1,,0,,0,,3,,0,,1,,3,,,,
January 6,7,7,7,8,8,8,1,1,1,1,1,1,1,1,1,8,8,16,10,10,10,10,10,10,5,15,93,"Saw Mom/Mark/Jenn after her baby shower, spent the night at Thatcher's. We went to cookout",,,,,9,,0,,0,,0,,0,,0,,3,,5,,0,,6,,0,,0,,0,,0,,0,,1,,0,,0,,0,,0,,7,,0,,,,
January 7,10,10,10,10,10,10,1,1,1,1,1,1,1,10,10,9,8,11,11,1,7,7,7,7,5,13,87,"Thatcher's, came home, relaxed/napped, watched Clemson vs Alabama, watched netflix/NBA",Should have studied,Average Per Week,3.846153846,,8,,0,,0,,0,,0,,0,,4,,1,,1,,8,,2,,0,,0,,0,,0,,0,,0,,0,,0,,0,,10,,0,,,,
January 8,7,7,7,8,1,1,1,1,1,1,1,1,1,12,19,19,19,19,19,19,19,19,19,19,4,13,91,"MCAT studied, watched Aquaman",Couldn't fall asleep,Most Hours/Week,23,,9,,0,,0,,0,,0,,0,,3,,1,,0,,0,,0,,1,,0,,0,,0,,0,,0,,0,,10,,0,,0,,10,,,,
January 9,8,8,7,7,7,8,8,1,1,1,1,1,19,19,19,2,2,2,2,12,11,11,11,8,7,12,85,"Studied MCAT, gym with Clifton, bball w Hank/Alec, facetime Lauren, went to Hank's and relaxed",,Least Hours/Week,0,,5,,4,,0,,0,,0,,0,,3,,5,,0,,0,,3,,1,,0,,0,,0,,0,,0,,0,,3,,0,,3,,3,,,,
January 10,8,8,8,1,1,1,1,1,1,1,1,1,1,1,8,12,9,10,10,19,19,10,10,10,4,14,91,"Showered, got cookout for Thatcher, studied MCAT and spent the night with her. Watched Seven",,Most Drinking in a Day,7,,11,,0,,0,,0,,0,,0,,0,,4,,1,,5,,0,,1,,0,,0,,0,,0,,0,,0,,2,,0,,5,,2,,,,
January 11,10,10,10,1,1,1,1,1,1,1,1,1,1,1,10,12,9,19,3,3,3,3,3,3,4,14,86,"Thatcher's, came home, went to bank and work early. Studied. Work with Falbo.",,Average Day Drunk,92.15,,11,,0,,6,,0,,0,,0,,0,,0,,1,,4,,0,,1,,0,,0,,0,,0,,0,,0,,1,,0,,4,,1,,,,
January 12,3,3,9,8,1,1,1,1,1,1,1,1,1,1,11,6,11,11,11,6,12,10,10,10,4,14,92,"Wendy's and chess w Jake, cooked for Thatcher, asked her out, she spent the night",,,,,10,,0,,2,,0,,0,,2,,0,,1,,1,,3,,4,,1,,0,,0,,0,,0,,0,,0,,0,,0,,7,,0,,,,
January 13,10,1,1,1,1,1,1,1,1,9,3,3,3,3,3,3,3,3,9,20,20,8,8,8,1,9,82,"Work w Guha, chapter, relaxed",,(16) Family Time Info,,,8,,0,,8,,0,,0,,0,,0,,3,,2,,1,,0,,0,,0,,0,,0,,0,,0,,0,,0,,2,,1,,0,,,,
January 14,8,8,1,1,1,1,1,1,8,8,8,4,8,1,1,2,2,12,10,10,10,10,10,10,2,8,84,"Last FDOC, gym w Clifton, Lib/Salsarita's w Thatcher, she spent the night",Napped,,,,8,,2,,0,,1,,0,,0,,0,,6,,0,,6,,0,,1,,0,,0,,0,,0,,0,,0,,0,,0,,6,,1,,,,
January 15,10,10,1,1,1,1,1,10,4,6,6,8,1,1,1,4,4,9,16,11,19,8,8,9,2,7,87,"Class, caf, nap, class, grandma's, Sammy was over, studied,went to Thatcher's",Napped,Average Per Week,3.057692308,,8,,0,,0,,3,,0,,2,,0,,3,,2,,3,,1,,0,,0,,0,,0,,1,,0,,0,,1,,0,,5,,4,,,,
January 16,10,10,1,1,1,1,1,1,1,1,1,10,10,9,6,11,13,13,13,13,6,10,10,10,2,12,87,"Left Thatcher's, caf, library w Hank/Antonio/Jeremy. Personal Finances. Thatcher came over, watched Lucifer",Napped,Most Hours/Week,23,,9,,0,,0,,0,,0,,2,,0,,0,,1,,7,,1,,0,,4,,0,,0,,0,,0,,0,,0,,0,,8,,0,,,,
January 17,10,8,1,1,1,1,1,8,4,4,1,1,1,1,8,4,4,6,11,17,17,8,11,11,2,7,87,"English from home, Marine Bio, caf w Lauren, Best Buy for headphones",Napped,Least Hours/Week,0,,9,,0,,0,,4,,0,,1,,0,,4,,0,,1,,3,,0,,0,,0,,0,,0,,2,,0,,0,,0,,4,,4,,,,
January 18,11,11,8,1,1,1,1,1,1,1,1,1,8,8,20,20,2,2,12,6,10,11,11,11,3,12,92,"Wendy's, Croatt group meeting, bball w Sisco, showered, Kiosco and Winston's for Cards A.H. w/ Thatcher who spent the night.",,Most Family Time in a Day,13,,9,,2,,0,,0,,0,,1,,0,,3,,0,,1,,5,,1,,0,,0,,0,,0,,0,,0,,0,,2,,6,,0,,,,
January 19,10,10,1,1,1,1,1,1,1,9,3,3,3,3,3,3,3,9,8,7,7,10,10,15,2,9,97,"Work w Falbo, got let off early, Tennessee Williams plays @ Triad Stage and then Pi Kapp party w Thatcher",,,,,7,,0,,7,,0,,0,,0,,2,,1,,2,,4,,0,,0,,0,,0,,1,,0,,0,,0,,0,,0,,5,,0,,,,
January 20,15,10,1,1,1,1,1,1,1,1,1,10,6,8,1,1,1,8,9,7,7,17,10,10,2,11,82,"McDonalds w Thatcher, nap, Claire's The Swan @ UNCSA, walmart/cookout run, watched Lucifer and slept at thatcher's",,(17) Shopping Info,,,12,,0,,0,,0,,0,,1,,2,,2,,1,,4,,0,,0,,0,,0,,1,,0,,1,,0,,0,,0,,5,,0,,,,
January 21,7,7,7,1,1,1,1,1,1,1,1,10,10,10,9,9,6,6,7,7,7,9,8,8,3,11,90,"Thatcher's, drove home, drove to Chapel Hill w Lauren, ate Tobacco Road Sports Bar, UNC vs VTech game",,,,,8,,0,,0,,0,,0,,2,,6,,2,,3,,3,,0,,0,,0,,0,,0,,0,,0,,0,,0,,0,,3,,0,,,,
January 22,8,8,8,1,1,1,1,1,4,8,1,1,1,1,8,4,4,6,6,8,8,2,2,8,3,8,82,"Art Museum for class, nap, class, Chikfila with Mary Jordan, social media, bball with Noah/Hank/Brandon.",,Average Per Week,1.576923077,,9,,2,,0,,3,,0,,2,,0,,8,,0,,0,,0,,0,,0,,0,,0,,0,,0,,0,,0,,0,,0,,3,,,,
January 23,12,6,8,8,1,1,1,1,1,1,12,20,6,6,8,1,1,1,8,8,8,5,11,11,4,10,87,"Chancellor's ambassador interview, Pedro's with Melissa, nap, drawing, Brendan w Katie/Brianna/Alex, drawing HW, Magnus and Usain Bolt documentaries",,Most Hours/Week,9,,9,,0,,0,,0,,1,,3,,0,,6,,0,,0,,2,,2,,0,,0,,0,,0,,0,,0,,0,,1,,2,,1,,,,
January 24,11,5,5,8,8,1,1,1,4,4,6,1,1,1,1,1,8,6,11,7,7,8,10,11,5,8,91,"Class, ate, napped, got stuck at 220, Kiosco and Hodge Twins comedy w Jake/Josh, Thatcher, Brianna/Katie came over, guitar hero, cookout w Thatcher",,Least Hours/Week,0,,8,,0,,0,,2,,2,,2,,2,,4,,0,,1,,3,,0,,0,,0,,0,,0,,0,,0,,0,,0,,4,,4,,,,
January 25,11,10,10,1,1,1,1,1,1,1,1,10,10,6,6,10,8,1,1,1,1,8,5,5,3,11,88,"Bojangles w/ Thatcher, Alex/Brianna/Katie, napped, relaxed, spanish homework, youtube",,Most Shopping in a Day,4,,12,,0,,0,,0,,2,,2,,0,,2,,0,,5,,1,,0,,0,,0,,0,,0,,0,,0,,0,,0,,6,,2,,,,
January 26,8,8,8,8,8,8,1,1,1,9,3,3,3,3,3,3,3,3,9,17,10,10,10,10,6,9,87,"Work w Falbo, Harris Teeter for flowers, Thatcher came over, Ted Bundy Tapes and cookout, singing in car",,,,,3,,0,,8,,0,,0,,0,,0,,6,,2,,4,,0,,0,,0,,0,,0,,0,,1,,0,,0,,0,,4,,0,,,,
January 27,10,10,10,10,1,1,1,1,1,1,10,11,11,8,1,1,1,16,16,20,20,8,8,8,4,10,89,"Thatcher went to Cher, sorority bid day, nap, Papa's w Aunt Theresa, chapter, relax, Thatcher came back and left",,(18) Health Appt.s Info,,,9,,0,,0,,0,,0,,0,,0,,4,,0,,5,,2,,0,,0,,0,,0,,2,,0,,0,,0,,2,,9,,0,,,,
January 28,10,8,8,8,8,1,1,1,1,1,12,4,6,11,11,8,1,1,9,10,10,10,10,9,5,10,86,"Class, caf w MJ, nap, went to see Thatcher, got PDQ, stopped at some stores for running shoes, came home so she could sleep before flight",,,,,7,,0,,0,,1,,0,,1,,0,,5,,2,,5,,2,,1,,0,,0,,0,,0,,0,,0,,0,,0,,7,,1,,,,
January 29,8,8,8,8,1,1,1,1,1,1,1,1,8,8,12,4,4,20,20,20,8,8,8,7,4,12,78,"Skipped class, M Bio, rush presentations, relaxed, chess w Homayoon","Not getting any schoolwork done, no schedule",Average Per Week,0.1538461538,,8,,0,,0,,2,,0,,0,,1,,9,,0,,0,,0,,1,,0,,0,,0,,0,,0,,0,,0,,3,,0,,2,,,,
January 30,8,8,8,8,1,1,1,1,1,1,1,1,8,9,9,11,11,17,20,20,6,11,11,8,4,12,82,"Went to work for ID, Den w Kara, Best Buy for headphones, Rush presentation night, Den w Mikaela, english book, facetimed Thatcher",,Most Hours/Week,2,,8,,0,,0,,0,,0,,1,,0,,6,,2,,0,,4,,0,,0,,0,,0,,0,,1,,0,,0,,2,,4,,0,,,,
January 31,8,5,5,10,8,1,1,1,4,4,12,17,1,1,1,1,1,6,20,20,8,8,8,7,5,8,81,"Class, bank, bath & body works, nap, caf w Lauren, rush kickback night, relaxed, Lakers game w LBJ return",,Least Hours/Week,0,,8,,0,,0,,2,,2,,1,,1,,5,,0,,1,,0,,1,,0,,0,,0,,0,,1,,0,,0,,2,,1,,4,,,,
February 1,7,7,8,8,1,1,1,1,1,1,8,8,1,1,1,8,20,20,20,20,20,20,5,5,4,10,90,Last night of rush! Did spanish homework,,Most Health Appt time in a Day,2,,9,,0,,0,,0,,2,,0,,2,,5,,0,,0,,0,,0,,0,,0,,0,,0,,0,,0,,0,,6,,0,,2,,,,
February 2,8,8,8,1,1,1,1,1,1,9,3,3,3,3,3,3,3,3,9,17,8,11,15,15,3,9,91,"Work w Dallara, got alcohol, party for new pledges (14!!!) Sheetz, Taylor Lossman's w friends",,,,,6,,0,,8,,0,,0,,0,,0,,4,,2,,0,,1,,0,,0,,0,,2,,0,,1,,0,,0,,0,,3,,0,,,,
February 3,15,15,15,11,10,8,1,1,1,1,1,1,1,8,8,11,11,11,7,7,7,7,8,8,6,13,90,"Saw Jeffrey, superbowl at the treehouse, sat around after",,(19) MCAT Info,,,7,,0,,0,,0,,0,,0,,4,,5,,0,,1,,4,,0,,0,,0,,3,,0,,0,,0,,0,,0,,8,,0,,,,
February 4,8,8,8,8,1,1,1,1,1,1,1,4,6,11,8,1,1,8,6,6,11,10,8,8,4,11,78,"Class, lunch w new guys, nap, dinner, facetimed Thatcher, relaxed, finished book",Not doing my work on time!,,,,9,,0,,0,,1,,0,,3,,0,,8,,0,,1,,2,,0,,0,,0,,0,,0,,0,,0,,0,,0,,3,,1,,,,
February 5,8,8,5,5,5,8,1,1,4,6,6,8,1,1,1,8,8,9,10,7,7,10,10,10,6,8,88,"Class, lunch, nap, got cookout with Thatcher, Garrett's basketball game, Thatcher's moms for a couple hours",,Average Per Week,1.942307692,,5,,0,,0,,1,,3,,2,,2,,6,,1,,4,,0,,0,,0,,0,,0,,0,,0,,0,,0,,0,,4,,4,,,,
February 6,10,10,10,1,1,1,1,1,1,1,1,10,10,8,6,6,10,10,10,10,10,7,7,7,3,11,86,"Flyers w Thatcher, Penny Path Crepes w/ her moms, relaxed at her place, bball vs TDelt",,Most Hours/Week,23,,8,,0,,0,,0,,0,,2,,3,,1,,0,,10,,0,,0,,0,,0,,0,,0,,0,,0,,0,,0,,10,,0,,,,
February 7,8,8,8,1,1,1,1,1,4,6,6,1,1,1,1,8,8,8,6,5,5,5,11,15,4,8,87,"Class, caf, nap, relaxed, caf w Lauren/Kaleb, Lib w Kaleb, walgreens/sheetz then sleepover at Katie's new place w Brianna/Sav.",,Least Hours/Week,0,,9,,0,,0,,1,,3,,3,,0,,6,,0,,0,,1,,0,,0,,0,,1,,0,,0,,0,,0,,0,,2,,4,,,,
February 8,15,15,11,1,1,1,1,1,1,12,20,6,20,20,20,6,6,9,3,3,3,3,3,3,3,9,89,"Left Katie's, got ready, saw Dr. Croatt, caf, went to Dr. Akens, went to Jeff Shafer, back to Akens, Old Town w Tucker/Matt Q, work w Ah.",,Most MCAT studying in a Day,10,,6,,0,,6,,0,,0,,3,,0,,0,,1,,0,,1,,1,,0,,0,,2,,0,,0,,0,,0,,4,,3,,0,,,,
February 9,3,3,9,8,1,1,1,1,1,1,1,1,1,1,8,8,8,9,3,3,3,3,3,3,4,14,85,"Work w Ah, played on my phone after",,,,,10,,0,,8,,0,,0,,0,,0,,4,,2,,0,,0,,0,,0,,0,,0,,0,,0,,0,,0,,0,,0,,0,,,,
February 10,3,3,9,8,8,8,8,1,1,1,1,1,1,8,10,10,10,11,11,20,10,1,1,1,6,13,84,"Thatcher came, went to chili's, hung w Lauren, chapter, Ted Bundy tape, slept early",Didn't get any of my work done,,,,9,,0,,2,,0,,0,,0,,0,,5,,1,,4,,2,,0,,0,,0,,0,,0,,0,,0,,0,,1,,6,,0,,,,
February 11,1,8,8,8,1,1,1,1,1,1,1,4,6,6,5,5,5,5,5,6,5,5,5,5,4,11,87,"Worked on my presentation, ate in the caf, worked more.",,,,,8,,0,,0,,1,,9,,3,,0,,3,,0,,0,,0,,0,,0,,0,,0,,0,,0,,0,,0,,0,,0,,10,,,,
February 12,5,8,8,8,1,1,1,1,1,20,6,6,1,1,1,1,1,8,6,6,5,2,2,11,4,9,85,"Overslept, office hours, nap, chikfila w Alex, library w Sammy, bball vs Sig Ep (W)",Not working hard enough,Total Social Info (10+11+14+15+16. Not including work.),,,10,,2,,0,,0,,2,,4,,0,,4,,0,,0,,1,,0,,0,,0,,0,,0,,0,,0,,0,,1,,1,,2,,,,
February 13,8,8,8,8,1,1,1,1,1,1,1,1,8,6,11,5,5,5,5,5,5,2,2,11,4,12,84,"Studied all day w Sammy, bball vs Pike (W)",Not getting enough done,,,,8,,2,,0,,0,,6,,1,,0,,5,,0,,0,,2,,0,,0,,0,,0,,0,,0,,0,,0,,0,,2,,6,,,,
February 14,8,8,5,5,5,8,1,1,4,5,5,5,6,6,5,4,4,8,17,10,10,10,1,1,6,8,93,"Chosen to be a Chancellor's Ambassador!!! Studied, taco bell w Jeff Gordon, took Marine bio exam, Harris Teeter, Thatcher's for Valentine's Day",,Average Per Week,24.78125,,4,,0,,0,,3,,7,,2,,0,,4,,0,,3,,0,,0,,0,,0,,0,,0,,1,,0,,0,,0,,3,,10,,,,
February 15,1,1,1,1,1,1,1,1,1,9,20,20,6,13,13,18,12,8,8,5,11,11,15,15,-2,9,92,"Met w Dr. Patel, got Thank you cards, Taco Bell w Alex/Allan/pledges, took letters to faculty, haircut, relaxed, homework, Josh/Jake/Nick/Eric/Danny/Sam pregamed here, Horrigan's Taphouse/Grey's",Shouldn't have drank the night before work,Most Hours/Week,64,,9,,0,,0,,0,,1,,1,,0,,2,,1,,0,,2,,1,,2,,0,,2,,0,,0,,1,,0,,2,,4,,1,,,,
February 16,15,15,15,1,1,1,1,1,1,9,3,3,3,3,3,3,3,3,9,11,11,6,12,14,3,9,89,"Work w Guha, Ice skating, tried to make a shirt, ADPi mixer",,Least Hours/Week,3,,6,,0,,8,,0,,0,,1,,0,,0,,2,,0,,2,,1,,0,,1,,3,,0,,0,,0,,0,,0,,6,,0,,,,
February 17,14,14,8,1,1,1,1,1,1,9,3,3,3,3,3,3,3,3,9,20,8,8,13,5,3,9,87,"Super fast paced shift w Dr. Falbo, chapter, relaxed, chores and homework",,Most Time Social in a Day,15,,6,,0,,8,,0,,1,,0,,0,,3,,2,,0,,0,,0,,1,,2,,0,,0,,0,,0,,0,,1,,2,,1,,,,
February 18,5,5,5,1,1,1,1,1,1,1,1,4,6,6,5,5,1,1,8,6,10,10,10,5,3,11,87,"Presented Galactosemia, ate, saw MJ/Lauren, went to library w Lauren, nap, Jake's w Thatcher, English meditation",,,,,10,,0,,0,,1,,6,,3,,0,,1,,0,,3,,0,,0,,0,,0,,0,,0,,0,,0,,0,,0,,3,,7,,,,
February 19,5,5,5,1,1,1,1,1,4,6,9,20,9,6,6,4,4,1,1,1,2,2,6,8,3,8,92,"Class, eye doctor, lunch w Kaleb, class, nap, bball vs D6 and I played a lot. Jimmy John's and normatec.",,Time Learning Info (4+5+19),,,8,,2,,0,,3,,3,,4,,0,,1,,2,,0,,0,,0,,0,,0,,0,,0,,0,,0,,0,,1,,0,,6,,,,
February 20,8,8,8,1,1,1,1,1,1,1,1,1,1,8,9,3,9,8,6,20,5,5,5,8,3,13,91,"Class at work, relaxed, ate caf w Pi Kapp, Parents United to Stop Hazing, library, Duke vs Carolina, Bojangles, chess with Homayoon",,,,,10,,0,,1,,0,,3,,1,,0,,6,,2,,0,,0,,0,,0,,0,,0,,0,,0,,0,,0,,1,,0,,3,,,,
February 21,11,11,8,1,1,1,1,1,4,4,6,6,6,11,11,11,11,9,10,16,16,16,9,10,3,8,83,"Class, office hours, caf, library, dinner at Dad's w Thatcher, dairio's, spent the night at Thatcher's.",,Average Per Week,13.3125,,5,,0,,0,,2,,0,,3,,0,,1,,2,,2,,6,,0,,0,,0,,0,,3,,0,,0,,0,,0,,11,,2,,,,
February 22,1,1,1,1,1,1,1,1,1,1,1,10,12,8,8,1,1,9,3,3,3,3,3,3,0,11,84,"Left Thatcher's, showered, relaxed, napped, work w Ah",,Most Hours/Week,41,,13,,0,,6,,0,,0,,0,,0,,2,,1,,1,,0,,1,,0,,0,,0,,0,,0,,0,,0,,0,,1,,0,,,,
February 23,3,3,9,8,8,1,1,1,1,1,1,1,1,8,6,8,8,9,3,3,3,3,3,3,5,13,83,"Bojangles w Alex, relaxed, work w Ah",,Least Hours/Week,0,,8,,0,,8,,0,,0,,1,,0,,5,,2,,0,,0,,0,,0,,0,,0,,0,,0,,0,,0,,0,,0,,0,,,,
February 24,3,3,9,9,1,1,1,1,9,10,10,10,10,10,10,10,10,10,10,9,8,8,8,8,4,8,84,"Top Golf w Thatcher, Henri's bday party, Concord Mills, drove home, relaxed",,Max Per Day,18,,4,,0,,2,,0,,0,,0,,0,,4,,4,,10,,0,,0,,0,,0,,0,,0,,0,,0,,0,,0,,10,,0,,,,
February 25,1,1,1,1,1,1,1,1,1,1,1,8,6,6,5,11,8,20,20,17,11,11,8,8,0,11,83,"Class (got cancelled), caf w Friends, library, Chikfila w Alex, dinner at the Chancellor's, shopping for Thatcher, took brownies to Sav/Katie/Brianna",,,,,11,,0,,0,,0,,1,,2,,0,,4,,0,,0,,3,,0,,0,,0,,0,,0,,1,,0,,0,,2,,3,,1,,,,
February 26,8,8,8,1,1,1,1,1,4,4,16,5,5,6,20,5,5,20,20,17,11,11,8,8,3,8,86,"Class, Smith st w dad, studied spanish w Palmer/Ny, caf w them/Lauren, met w Dr. Akens, helped Alex w Stats, Wake Forest admissions meeting, shopping w Bri, ate Den, bball game, relaxed",,,,,5,,0,,0,,2,,4,,1,,0,,5,,0,,0,,2,,0,,0,,0,,0,,1,,1,,0,,0,,3,,3,,6,,,,
February 27,1,1,1,1,1,1,1,1,1,1,8,5,5,5,5,8,8,17,10,7,7,10,10,10,0,10,83,"Chikfila, library for spanish midterm. Allan/Alex/Tristan were there. Got more flowers, Thatcher’s bday, got cookout, saw VICE, hung with her friends",,,,,10,,0,,0,,0,,4,,0,,2,,3,,0,,4,,0,,0,,0,,0,,0,,0,,1,,0,,0,,0,,4,,4,,,,
February 28,10,10,10,10,1,1,1,9,4,8,17,17,8,1,1,6,6,17,17,9,16,16,9,11,4,8,87,"Class, glasses store, verizon, relaxed, First Carolina deli w Zach/LJ, apple store, drove home for Julianne’s car, saw Keerstin in EUC, took wendy’s to Katie’s",,Sleep,47,,5,,0,,0,,1,,0,,2,,0,,2,,3,,4,,1,,0,,0,,0,,0,,2,,4,,0,,0,,0,,7,,1,,,,
March 1,11,8,8,1,1,1,1,1,1,1,1,12,9,9,9,9,9,9,9,9,9,9,9,9,3,11,86,"Picked up Zack, drove to New Orleans for Mardi Gras, went to Jake and Snake’s for a drink after",,School Stress,23,,8,,0,,0,,0,,0,,0,,0,,2,,12,,0,,1,,1,,0,,0,,0,,0,,0,,0,,0,,0,,1,,0,,,,
March 2,9,9,9,9,9,15,1,1,1,1,1,14,15,15,15,15,15,6,1,1,1,8,8,15,6,11,92,"Drank on the parade line with Pi Kapp, Griffin took us to a spanish place, napped, went to Bruno’s then F&P’s.",,Time Usage,15,,8,,0,,0,,0,,0,,1,,0,,2,,5,,0,,0,,0,,0,,1,,7,,0,,0,,0,,0,,0,,8,,0,,,,
March 3,15,15,15,15,1,1,1,1,1,1,8,12,14,14,14,12,9,9,14,14,14,14,8,8,4,10,82,"Parade, checked into airbnb, picked up Lexi/her little, parade, dropped them off and went to bed",,Health,10,,6,,0,,0,,0,,0,,0,,0,,3,,2,,0,,0,,2,,0,,7,,4,,0,,0,,0,,0,,0,,11,,0,,,,
March 4,8,1,1,1,1,1,1,1,1,1,1,8,14,14,14,14,14,14,14,14,14,6,8,8,1,11,93,"Bourbon street, two parades, got Cane’s, relaxed",,Weather,9,,10,,0,,0,,0,,0,,1,,0,,4,,0,,0,,0,,0,,0,,9,,0,,0,,0,,0,,0,,0,,9,,0,,,,
March 5,1,1,1,1,1,1,1,1,1,9,9,9,9,9,9,9,9,9,9,9,9,9,9,9,0,9,89,Drove home from New Orleans with Zack,,Girl stress,9,,9,,0,,0,,0,,0,,0,,0,,0,,15,,0,,0,,0,,0,,0,,0,,0,,0,,0,,0,,0,,0,,0,,,,
March 6,9,9,8,1,1,1,1,1,1,1,1,1,8,8,9,16,16,16,16,16,16,16,9,9,3,12,89,"Took Julianne’s car home, saw Jackie/Dad, subway, took King Cake to Mom/Mark/Grandma, took King Cake to papa at Moose Lodge",,Boredom,7,,9,,0,,0,,0,,0,,0,,0,,3,,5,,0,,0,,0,,0,,0,,0,,7,,0,,0,,0,,0,,7,,0,,,,
March 7,8,1,1,1,1,1,1,1,1,1,1,1,1,8,8,13,13,9,3,3,3,3,3,3,1,13,86,"Relaxed, cleaned up my room, worked w Dr. Ah",,Financial Stress,4,,12,,0,,6,,0,,0,,0,,0,,3,,1,,0,,0,,0,,2,,0,,0,,0,,0,,0,,0,,0,,0,,0,,,,
March 8,3,3,9,8,1,1,1,1,1,1,1,1,1,8,8,8,8,9,3,3,3,3,3,3,4,13,83,"Relaxed, work w Dr. Ah",,Alcohol,3,,9,,0,,8,,0,,0,,0,,0,,5,,2,,0,,0,,0,,0,,0,,0,,0,,0,,0,,0,,0,,0,,0,,,,
March 9,3,3,9,8,8,1,1,1,1,1,1,1,8,8,8,1,1,1,9,3,3,3,3,3,5,12,86,Work w Ah,Napped and became late for work!,friend stress,3,,10,,0,,7,,0,,0,,0,,0,,5,,2,,0,,0,,0,,0,,0,,0,,0,,0,,0,,0,,0,,0,,0,,,,
March 10,3,3,3,9,8,1,1,1,1,1,1,1,1,1,9,10,10,10,9,20,9,16,9,8,5,14,83,"Went to see Thatcher, chapter, went to moms for food, came home, Thatcher spent the night",,Sports,2,,9,,0,,3,,0,,0,,0,,0,,2,,5,,3,,0,,0,,0,,0,,0,,1,,0,,0,,0,,1,,4,,0,,,,
March 11,10,10,10,10,10,1,1,1,1,1,1,8,6,6,1,1,1,1,8,7,7,8,1,1,5,11,76,"Missed class, chikfila w Brianna. napped, UNCG vs Wofford, nap, english",Terrible procrastination. I missed class and didn't do anything when I could have,Job,2,,12,,0,,0,,0,,0,,2,,2,,3,,0,,5,,0,,0,,0,,0,,0,,0,,0,,0,,0,,0,,5,,0,,,,
March 12,5,5,5,5,5,1,1,1,4,9,3,3,3,3,9,4,4,5,5,5,5,5,5,5,5,8,82,"Worked with Falbo, class, studied, Thatcher came over, studied in library",,Car problems,1,,3,,0,,4,,3,,12,,0,,0,,0,,2,,0,,0,,0,,0,,0,,0,,0,,0,,0,,0,,0,,0,,15,,,,
March 13,10,1,1,1,1,1,1,1,1,9,20,20,9,9,17,17,17,9,9,9,9,8,8,1,1,9,87,"Interview at Crossnore, drove to Raleigh, got MINI cooper, saw mom, traded cars, relaxed",,Let down,1,,9,,0,,0,,0,,0,,0,,0,,2,,7,,1,,0,,0,,0,,0,,0,,0,,3,,0,,0,,2,,1,,0,,,,
March 14,1,1,1,1,1,1,1,1,4,6,8,8,5,5,5,4,4,2,2,6,9,10,15,15,-1,8,91,"Class, studied, Marine Bio exam, ultimate frisbee w pi kapp, Homesice w Lauren, went to Thatcher's, went to Reboot with her and Roxy.",,Social Pressure,1,,8,,2,,0,,3,,3,,2,,0,,2,,1,,1,,0,,0,,0,,0,,2,,0,,0,,0,,0,,0,,3,,6,,,,
March 15,10,1,1,1,1,1,1,1,1,1,8,8,1,1,10,9,9,9,3,3,3,3,3,3,1,10,87,"Relaxed at Thatcher's, fell back asleep, Crossnore, Reboot for card, work w Falbo.",,Missing friends,1,,11,,0,,6,,0,,0,,0,,0,,2,,3,,2,,0,,0,,0,,0,,0,,0,,0,,0,,0,,0,,2,,0,,,,
March 16,3,3,9,8,1,1,1,1,1,1,1,1,8,12,10,10,10,9,3,3,3,3,3,3,3,12,91,"Alumni cookout w Thatcher, work w Falbo",,Ted talk not accepted,1,,8,,0,,8,,0,,0,,0,,0,,2,,2,,3,,0,,1,,0,,0,,0,,0,,0,,0,,0,,0,,3,,0,,,,
March 17,3,3,9,10,1,1,1,1,1,1,1,1,1,1,8,8,6,6,5,20,20,2,2,6,3,14,89,"Ate at the caf w pledges, looked over powerpoint, chapter, presented WOTR to ADPi, bball playoffs vs Kappas, The Den w Brianna/Zach/Ryan/Kaleb/Noah",,Mac Miller died,1,,10,,2,,2,,0,,1,,3,,0,,2,,1,,1,,0,,0,,0,,0,,0,,0,,0,,1,,0,,2,,1,,1,,,,
March 18,8,8,8,1,1,1,1,1,1,1,1,4,6,11,8,8,1,1,11,11,12,2,2,12,3,11,86,"Class, ate, talked to Brandon, relaxed, napped, Volleyball for WOTR (Chi O, AXO, ADPi), basketball vs T Delt",,,,,10,,2,,0,,1,,0,,1,,0,,5,,0,,0,,3,,2,,0,,0,,0,,0,,0,,0,,0,,0,,3,,1,,,,
March 19,8,8,1,1,1,1,1,1,4,8,8,1,1,1,1,1,8,6,11,11,11,8,11,8,2,8,91,"Class, relaxed, bojangles w Jeremy, soccer for WOTR (Chi O, ADPi, AXO), relaxed, pi kapp soccer, went to Walmart late at night",,,,,11,,0,,0,,1,,0,,1,,0,,7,,0,,0,,4,,0,,0,,0,,0,,0,,0,,0,,0,,0,,4,,1,,,,
March 20,17,17,1,1,1,1,1,1,1,1,1,1,20,20,6,12,8,8,11,11,6,6,10,10,2,12,87,"Junior Marshal application grading, ate w AXO's, showered, relaxed, Thatcher came, Dodgeball for WOTR (Chi O, ADPi, A Chi O), Burger Warfare w Lauren/Thatcher and she spent the night.",,,,,10,,0,,0,,0,,0,,3,,0,,2,,0,,2,,2,,1,,0,,0,,0,,0,,2,,0,,0,,2,,4,,0,,,,
March 21,10,10,1,1,1,1,1,1,4,8,8,1,1,1,8,4,4,6,11,15,15,15,15,15,2,8,92,"Class, relaxed, napped, class, Pedro's Taco shop benefit night",,,,,9,,0,,0,,3,,0,,1,,0,,3,,0,,2,,1,,0,,0,,0,,5,,0,,0,,0,,0,,0,,8,,3,,,,
March 22,8,8,1,1,1,1,1,1,1,1,1,1,1,1,8,8,12,11,6,6,8,8,5,8,2,14,83,"Relaxed, got ready for The Empathy Dinner, relaxed after, spanish homework, facetimed Thatcher",,,,,12,,0,,0,,0,,1,,2,,0,,7,,0,,0,,1,,1,,0,,0,,0,,0,,0,,0,,0,,0,,1,,1,,,,
March 23,8,10,10,10,8,1,1,1,1,9,3,3,3,3,3,3,3,3,9,7,7,7,15,14,5,9,91,"Work w Cave, Campus Film Festival w Thatcher/Lauren/Chapter for Rob, won a 32 inch TV, WOTR party",,,,,4,,0,,8,,0,,0,,0,,3,,2,,2,,3,,0,,0,,0,,1,,1,,0,,0,,0,,0,,0,,5,,0,,,,
March 24,14,10,1,1,1,1,1,1,1,9,3,3,3,3,3,3,3,3,9,20,20,10,10,5,2,9,87,"Work w Falbo, chapter, Thatcher's, Taco Bell, UNCSA Library, became sick",Became sick,,,,7,,0,,8,,0,,1,,0,,0,,0,,2,,3,,0,,0,,0,,1,,0,,0,,0,,0,,0,,2,,4,,1,,,,
March 25,12,1,1,1,1,1,1,1,1,1,1,1,1,1,1,1,1,1,1,8,1,1,1,1,1,19,65,"Sick all day at Thatcher's, only did something for an hour and fell back asleep",Sick,,,,22,,0,,0,,0,,0,,0,,0,,1,,0,,0,,0,,1,,0,,0,,0,,0,,0,,0,,0,,0,,0,,0,,,,
March 26,1,1,1,1,1,1,1,1,1,1,1,1,1,1,8,8,6,8,9,7,7,6,8,8,-4,14,93,"Sick at Thatcher's, tried to eat Arby's, went to Chris' Recital, Kiosco w Allan/Zach/Zach/Alex",Sick,,,,14,,0,,0,,0,,0,,2,,2,,5,,1,,0,,0,,0,,0,,0,,0,,0,,0,,0,,0,,0,,0,,0,,,,
March 27,8,8,8,8,1,1,1,1,1,1,1,1,1,1,8,8,8,20,6,17,20,20,5,5,4,14,87,"Relaxed, composite pictures, caf, shopping w Allan, S night",,,,,10,,0,,0,,0,,2,,1,,0,,7,,0,,0,,0,,0,,0,,0,,0,,0,,1,,0,,0,,3,,0,,2,,,,
March 28,5,8,8,1,1,1,1,1,4,4,5,5,6,6,11,11,8,7,7,7,20,20,20,20,3,8,91,"Class, library, lunch w Lauren, hung out after, Halo 3 w Jeff, T night, Thatcher came to Winston's w Brianna/Katie/Taylor/Hank/Alex/Sav",,,,,5,,0,,0,,2,,3,,2,,3,,3,,0,,0,,2,,0,,0,,0,,0,,0,,0,,0,,0,,4,,2,,5,,,,
March 29,11,11,10,1,1,1,1,1,1,1,1,1,1,8,6,11,8,9,3,3,3,3,3,3,3,13,86,"Lunch w Lauren, Perspective Wall work, crazy shift w Dr. Ah that ran late.",,,,,10,,0,,6,,0,,0,,1,,0,,2,,1,,1,,3,,0,,0,,0,,0,,0,,0,,0,,0,,0,,4,,0,,,,
March 30,3,3,3,3,9,8,1,1,1,1,1,1,1,8,17,17,6,9,3,3,3,3,3,3,6,13,87,"Walmart grocery shopping, prepared food, work w Dr. K",,,,,7,,0,,10,,0,,0,,1,,0,,2,,2,,0,,0,,0,,0,,0,,0,,0,,2,,0,,0,,0,,0,,0,,,,
March 31,3,3,9,8,1,1,1,1,1,1,1,1,1,1,8,8,9,16,9,20,11,6,8,8,4,14,62,"Went to Grandma's, chapter, cooked and talked w Brandon, talked w Thatcher",Relationship stress,,,,10,,0,,2,,0,,0,,1,,0,,5,,3,,0,,1,,0,,0,,0,,0,,1,,0,,0,,0,,1,,2,,0,,,,
April 1,8,8,10,10,10,10,10,10,1,1,1,4,6,6,8,1,1,1,1,8,6,6,8,10,8,11,70,"Class, lunch and sat w some adpi's, nap, Chili's w Brandon, Thatcher came over",Residual relationship stress,,,,7,,0,,0,,1,,0,,4,,0,,5,,0,,7,,0,,0,,0,,0,,0,,0,,0,,0,,0,,0,,7,,1,,,,
April 2,10,1,1,1,1,1,1,1,4,1,1,1,17,11,11,11,6,9,3,3,3,3,3,3,1,8,83,"Walgreen's tabled with Lauren for perspective walls, ate Bojangles, work w Ah",,,,,10,,0,,6,,1,,0,,1,,0,,0,,1,,1,,3,,0,,0,,0,,0,,0,,1,,0,,0,,0,,4,,1,,,,
April 3,3,3,9,8,1,1,1,1,1,1,1,1,1,1,8,8,8,11,5,5,6,5,5,5,4,14,82,"Relaxed, library, caf w Lauren, library again and finally got my work done",,,,,10,,0,,2,,0,,5,,1,,0,,4,,1,,0,,1,,0,,0,,0,,0,,0,,0,,0,,0,,0,,1,,5,,,,
April 4,5,5,5,8,1,1,1,1,4,9,9,13,11,6,11,11,11,11,9,16,16,16,9,9,4,8,83,"Class, drove to work for note, Pie an ADPi, lunch and UV pool w Brianna/Taylor, went to see John at Jenn/John's and Mom was there",,,,,4,,0,,0,,1,,3,,1,,0,,1,,5,,0,,5,,0,,1,,0,,0,,3,,0,,0,,0,,0,,8,,4,,,,
April 5,8,8,1,1,1,1,1,1,1,1,1,1,1,8,17,17,18,17,9,7,7,9,15,15,2,13,83,"Shopping w Autumn, haircut, got flowers, went to see Thatcher's Picnic play, River Run Film Festival Gala w Thatcher",,,,,11,,0,,0,,0,,0,,0,,2,,3,,2,,0,,0,,0,,0,,0,,2,,0,,3,,0,,0,,0,,2,,0,,,,
April 6,10,10,10,10,1,1,1,1,1,1,1,1,1,8,8,11,9,15,15,15,15,15,15,15,4,13,99,"Talked w Roxy, drove home from Winston, Jade/Carolyn's pregame for ADPi formal w Autumn. Won Boyfriend of the Year, Thatcher came and we went to Waffle House",,,,,9,,0,,0,,0,,0,,0,,0,,2,,1,,4,,1,,0,,0,,0,,7,,0,,0,,0,,0,,0,,12,,0,,,,
April 7,10,6,1,1,1,1,1,1,1,8,8,1,1,1,8,13,9,6,5,20,5,5,5,5,2,9,82,"Cleaned apartment, went to grandma's, english homework, chapter, library for english homework",,,,,10,,0,,0,,0,,5,,2,,0,,3,,1,,1,,0,,0,,1,,0,,0,,0,,0,,0,,0,,1,,1,,5,,,,
April 8,5,5,11,11,8,8,1,1,1,1,1,4,6,5,5,5,8,9,3,3,3,3,3,3,6,11,83,"Class, lunch w random ADPi's, library for english paper, work w Ah",,,,,5,,0,,6,,1,,5,,1,,0,,3,,1,,0,,2,,0,,0,,0,,0,,0,,0,,0,,0,,0,,2,,6,,,,
April 9,3,3,9,8,8,1,1,1,4,8,8,1,1,1,8,4,4,6,6,11,11,2,2,12,5,8,77,"Class, nap, Marine Bio exam, Jake's w Josh/Jake, chess w/ Jake, bball w Zach/Noah/Sisco/Jeremy/Bailey",,,,,6,,2,,2,,3,,0,,2,,0,,5,,1,,0,,2,,1,,0,,0,,0,,0,,0,,0,,0,,0,,2,,3,,,,
April 10,8,8,8,6,7,1,1,1,1,1,1,1,1,1,8,17,6,8,1,1,7,7,7,7,5,14,83,"Walgreens, Chikfila, nap, Halo w Jeff, McDonalds w Jeff/Bailey/Delaney",,,,,11,,0,,0,,0,,0,,2,,5,,5,,0,,0,,0,,0,,0,,0,,0,,0,,1,,0,,0,,0,,0,,0,,,,
April 11,7,6,8,8,1,1,1,1,4,6,8,8,1,1,1,1,1,9,3,3,3,3,3,3,4,8,77,"Class, caf for breakfast, nap, work w Dr. Ah, went to Thatcher's",,,,,9,,0,,6,,1,,0,,2,,1,,4,,1,,0,,0,,0,,0,,0,,0,,0,,0,,0,,0,,0,,0,,1,,,,
April 12,3,3,9,9,10,1,1,1,1,1,1,1,1,1,10,10,10,10,6,16,16,16,9,5,5,14,82,"Thatcher's, Five Guy's, went to dad's, drive/talk w Joe, went to Thatcher's, did homework, we went to my place, watched Captain Marvel",,,,,9,,0,,2,,0,,1,,1,,0,,0,,3,,5,,0,,0,,0,,0,,0,,3,,0,,0,,0,,0,,8,,1,,,,
April 13,10,10,10,8,8,1,1,1,7,8,1,1,1,1,1,10,10,6,16,16,9,9,9,9,5,8,92,"Took Thatcher home but got chikfila first, dad's, O'Reilly, drove to Myrtle Beach for Formal","Feeling sick, coughing, short of breath",,,,8,,0,,0,,0,,0,,1,,1,,3,,4,,5,,0,,0,,0,,0,,0,,2,,0,,0,,0,,0,,7,,0,,,,
April 14,15,15,15,15,15,1,1,1,1,12,9,9,9,8,8,1,1,1,1,1,8,8,8,8,5,9,88,"Drove home from Myrtle Beach, napped, watched youtube all night",,,,,9,,0,,0,,0,,0,,0,,0,,6,,3,,0,,0,,1,,0,,0,,5,,0,,0,,0,,0,,0,,5,,0,,,,
April 15,12,8,8,8,8,8,1,1,1,1,1,4,6,8,1,1,1,1,1,8,6,5,5,5,6,11,83,"Class, lunch, nap, Homeslice then homework and NBA playoffs in Bryan Business w Lauren",,,,,10,,0,,0,,1,,3,,2,,0,,7,,0,,0,,0,,1,,0,,0,,0,,0,,0,,0,,0,,0,,0,,4,,,,
April 16,8,5,8,8,8,1,1,1,4,13,17,17,8,1,1,1,8,9,16,16,10,10,10,10,5,8,82,"Class, phone replaced, chikfila, art loft, nap, went to grandma's then Thatcher's",,,,,6,,0,,0,,1,,1,,0,,0,,6,,1,,4,,0,,0,,1,,0,,0,,2,,2,,0,,0,,0,,6,,2,,,,
April 17,10,10,10,10,1,1,1,1,1,1,1,1,1,1,1,1,1,10,10,6,9,10,10,10,4,17,83,"Slept all day, TJ's Deli w Thatcher then she came and spent the night",,,,,13,,0,,0,,0,,0,,1,,0,,0,,1,,9,,0,,0,,0,,0,,0,,0,,0,,0,,0,,0,,9,,0,,,,
April 18,10,8,8,1,1,1,1,1,4,10,10,10,10,10,10,16,16,16,9,3,3,17,8,1,3,8,92,"Class, spent time with Thatcher, went to see Papa, work meeting, krispy kreme/target, nap. Started the challenge",,,,,6,,0,,2,,1,,0,,0,,0,,3,,1,,7,,0,,0,,0,,0,,0,,3,,1,,0,,0,,0,,10,,1,,,,
April 19,15,2,15,15,1,1,1,1,1,1,1,1,8,20,20,8,1,1,1,1,15,15,15,15,4,12,97,"3, 6, 9, 12 challenge all day. Croatt group meeting, ABC store and bank, nap, finished the challenge.",,,,,12,,1,,0,,0,,0,,0,,0,,2,,0,,0,,0,,0,,0,,0,,7,,0,,0,,0,,0,,2,,7,,0,,,,
April 20,15,15,1,1,1,8,8,8,8,9,3,3,3,3,3,3,3,3,3,3,9,8,6,8,2,5,92,"Woke up early, work w Guha, san luis ACP, relaxed",,,,,3,,0,,10,,0,,0,,1,,0,,6,,2,,0,,0,,0,,0,,0,,2,,0,,0,,0,,0,,0,,2,,0,,,,
April 21,1,1,1,1,1,7,7,7,7,7,1,1,1,1,9,16,16,16,16,16,16,16,9,9,0,5,92,"Woke up early, started Game of Thrones, nap, easter at Dad's, went to mom's, went to Thatcher's.",,,,,9,,0,,0,,0,,0,,0,,5,,0,,3,,0,,0,,0,,0,,0,,0,,7,,0,,0,,0,,0,,7,,0,,,,
April 22,10,10,10,10,10,1,1,1,1,1,1,1,1,1,1,1,10,10,10,9,7,11,8,1,5,16,89,"Slept all day, left Thatcher's, chess w Chris Sisco, Pi Kapp volleyball game, relaxed, napped, GoT",,,,,12,,0,,0,,0,,0,,0,,1,,1,,1,,8,,1,,0,,0,,0,,0,,0,,0,,0,,0,,0,,9,,0,,,,
April 23,1,8,8,7,7,7,7,7,4,6,8,1,1,1,1,8,11,13,13,6,13,5,5,5,11,15,89,"Binge watched GoT, class, sheetz breakfast, nap, pool w Pi Kapps, chores, chikfila, library w Mya, homework",,,,,5,,0,,0,,1,,3,,2,,5,,4,,0,,0,,1,,0,,3,,0,,0,,0,,0,,0,,0,,0,,1,,4,,,,
April 24,5,13,8,5,8,1,1,1,1,1,20,6,6,9,10,1,1,1,1,10,17,10,10,10,4,10,81,"Meeting with Cathy Akens, lunch wih Lauren, went to Thatcher's, napped, she became sick.",,,,,9,,0,,0,,0,,2,,2,,0,,2,,1,,5,,0,,0,,1,,0,,0,,0,,1,,0,,0,,1,,5,,2,,,,
April 25,1,1,8,8,8,1,1,9,4,8,1,1,9,20,6,10,1,9,3,3,3,3,3,3,5,7,82,"Class, nap, crossnore meeting, Cagney's with Thatcher, tiny nap, work w Falbo, got off early.",,,,,7,,0,,6,,1,,0,,1,,0,,4,,3,,1,,0,,0,,0,,0,,0,,0,,0,,0,,0,,1,,1,,1,,,,
April 26,3,9,8,1,1,1,1,1,1,1,1,1,8,1,1,1,8,11,6,7,7,7,11,11,3,12,76,Wendy's/Walgreens/Avenger's Endgame and long talk with Brandon. Went to Thatcher's,Relationship stress,,,,12,,0,,1,,0,,0,,1,,3,,3,,1,,0,,3,,0,,0,,0,,0,,0,,0,,0,,0,,0,,3,,0,,,,
April 27,11,9,10,10,10,9,9,10,1,9,3,3,3,3,3,3,3,3,9,15,15,7,7,7,8,9,83,"Work w Falbo, drank at Pedro's for XO's Karaoke night, Halo 3 with Jeff",,,,,1,,0,,8,,0,,0,,0,,3,,0,,5,,4,,1,,0,,0,,0,,2,,0,,0,,0,,0,,0,,7,,0,,,,
April 28,12,8,1,1,1,1,1,1,1,1,1,1,8,1,1,1,1,8,20,20,20,20,12,12,2,12,89,"Last chapter, did Pass The Gavel. Started spanish review for final",,,,,14,,0,,0,,0,,0,,0,,0,,3,,0,,0,,0,,3,,0,,0,,0,,0,,0,,0,,0,,4,,0,,0,,,,
April 29,5,6,6,5,5,8,8,1,1,1,1,4,6,6,5,5,5,5,6,17,1,1,1,1,7,11,78,"Class, cafeteria w MJ, library w Hank, caf, food lion a Skylar's, nap, mcdonalds and youtube.",Napped and also not doing enough preparation for finals,,,,8,,0,,0,,1,,7,,5,,0,,2,,0,,0,,0,,0,,0,,0,,0,,0,,1,,0,,0,,0,,0,,8,,,,
April 30,1,8,6,8,8,8,1,1,4,5,11,12,5,20,20,9,5,5,5,5,5,5,5,5,6,8,84,"Class, texted everyone back, bank and paid rent, studied, PENTA interview, studied w Logan Sprinkle, went to Thatcher's and got cookout",,,,,3,,0,,0,,1,,10,,1,,0,,4,,1,,0,,1,,1,,0,,0,,0,,0,,0,,0,,0,,2,,1,,11,,,,
May 1,10,10,1,1,1,1,1,1,9,10,10,10,10,10,10,10,9,10,9,15,15,15,15,15,2,8,94,"Zoo w Thatcher/Henri/suegras, bojangles, ADPi date party w Skylar + Hannah, Thatcher came to my last Pi Kapp party",Tiny relationship argument that was resolved quickly,,,,6,,0,,0,,0,,0,,0,,0,,0,,3,,10,,0,,0,,0,,0,,5,,0,,0,,0,,0,,0,,15,,0,,,,
May 2,15,15,15,1,1,1,1,1,1,1,1,1,1,1,6,20,10,5,5,5,5,5,5,5,3,14,90,"Bojangles w Thatcher, breakdown w Dr. KR, talk w Thatcher, studied all day","Despite having a mental breakdown from graduation stress, I'm still working diligently to meet my goals",,,,11,,0,,0,,0,,7,,1,,0,,0,,0,,1,,0,,0,,0,,0,,3,,0,,0,,0,,0,,1,,4,,7,,,,
May 3,6,8,5,5,1,1,1,1,1,1,1,8,5,1,5,5,5,4,4,9,10,10,10,6,4,11,89,"Studied, fell back asleep, studied, Spanish Final Exam, Thatcher's 4th year screenings, Chili's, helped her move out",,,,,8,,0,,0,,2,,6,,2,,0,,2,,1,,3,,0,,0,,0,,0,,0,,0,,0,,0,,0,,0,,3,,8,,,,
May 4,10,10,9,8,1,1,1,1,1,1,1,1,1,8,9,10,10,10,10,10,9,10,10,10,4,13,83,"Benefit Kentucky Derby Party w Thatcher/her moms. Spanish final interview, cooked Jambalaya w Thatcher",Probably could have done some work had I not slept in,,,,9,,0,,0,,0,,0,,0,,0,,2,,3,,10,,0,,0,,0,,0,,0,,0,,0,,0,,0,,0,,10,,0,,,,
May 5,8,8,1,1,1,1,1,1,1,9,3,3,3,3,3,3,3,3,9,9,16,9,8,8,2,9,82,"Work w Dr. Guha, went to mom's for graduation stuff, went home and relaxed",Put off work again,,,,7,,0,,8,,0,,0,,0,,0,,4,,4,,0,,0,,0,,0,,0,,0,,1,,0,,1,,0,,0,,1,,0,,,,
May 6,8,8,8,1,1,1,1,1,1,1,1,1,8,17,5,5,5,5,5,5,5,5,5,5,3,12,84,"Art Loft, library all day w Matthew/Sophia/Alicia, caf, then returned, harris teeter/sheetz run, then back.",,,,,9,,0,,0,,0,,10,,0,,0,,4,,0,,0,,0,,0,,0,,0,,0,,0,,1,,0,,0,,0,,0,,10,,,,
May 7,11,5,5,17,5,5,5,5,4,4,5,5,5,5,5,4,4,4,11,11,12,10,5,5,,,82,"Studied all night, 8 am final, met w/ Dr. Stavn, studied w/ Brittany, 3:30 final, McDonalds w/ Kara, Thatcher came over",,,,,0,,0,,0,,5,,13,,0,,0,,0,,0,,1,,3,,1,,0,,0,,0,,0,,1,,0,,0,,0,,4,,18,,,,
May 8,10,10,1,1,1,1,1,1,1,1,1,1,1,8,13,13,8,11,8,8,11,11,11,11,2,13,79,Waited for lockout key. Jake's Billiards w Jake for Bucks/Celtics and Rockets/Warriors. Thatcher came from lib and spent the night.,,,,,11,,0,,0,,0,,0,,0,,0,,4,,0,,2,,5,,0,,2,,0,,0,,0,,0,,0,,0,,0,,7,,0,,,,
May 9,10,1,1,1,1,1,1,1,1,1,20,20,12,20,20,20,20,9,16,16,10,10,10,9,1,10,82,"Call from Sue Enquist, Doctoral Hooding ceremony, went to mom's, went to Thatcher's, she spent the night.",,,,,9,,0,,0,,0,,0,,0,,0,,0,,2,,4,,0,,1,,0,,0,,0,,2,,0,,0,,0,,6,,6,,0,,,,
May 10,10,10,1,1,1,1,1,1,1,20,20,20,9,16,9,1,1,20,20,6,16,16,16,16,2,9,91,"GRADUATION!!! Cagney's with Thatcher/mom's side, departmental graduation, chili's, mom's w Thatcher who spent the night.",,,,,9,,0,,0,,0,,0,,1,,0,,0,,2,,2,,0,,0,,0,,0,,0,,5,,0,,0,,0,,5,,7,,0,,,,
May 11,10,10,1,1,1,1,1,1,9,9,9,9,9,9,20,20,20,16,9,9,9,9,8,8,2,8,93,"Got Grandma and drove to Andrew's graduation, drove back. Relaxed and watched social media",,,,,6,,0,,0,,0,,0,,0,,0,,2,,10,,2,,0,,0,,0,,0,,0,,1,,0,,0,,0,,3,,3,,0,,,,
May 12,8,1,1,1,1,1,1,1,1,9,3,3,3,3,3,3,3,3,9,8,6,17,15,15,1,9,93,Work w Dr. Guha. Kiosco w/ MJ then got wine from Harris Teeter and we drank at home,,,,,8,,0,,8,,0,,0,,1,,0,,2,,2,,0,,0,,0,,0,,0,,2,,0,,1,,0,,0,,0,,2,,0,,,,
May 13,15,1,1,1,1,1,1,1,1,1,1,1,9,10,7,7,9,6,3,3,3,3,3,3,1,12,87,"Chikfila w/ Thatcher, massage by Aunt Theresa, Taco Bell before work w/ Dr. Ah",,,,,11,,0,,6,,0,,0,,1,,2,,0,,2,,1,,0,,0,,0,,0,,1,,0,,0,,0,,0,,0,,2,,0,,,,
May 14,3,3,9,8,1,1,1,1,1,1,1,8,8,8,9,16,16,16,1,16,9,11,11,11,4,11,87,"Took Granddaddy to his appt, napped at their place, Rody's Tavern w Jake for GSW/Trailblazers, exercised before bed",,,,,8,,0,,2,,0,,0,,0,,0,,4,,3,,0,,3,,0,,0,,0,,0,,4,,0,,0,,0,,0,,7,,0,,,,
May 15,11,2,8,1,1,1,1,1,1,1,1,1,8,8,18,12,8,8,7,7,7,7,7,7,3,12,91,"Walgreens, haircut at Ken's, chores, drawing, Greensboro Chess club, Bucks/Raptors, drawing Thatcher",,,,,9,,1,,0,,0,,0,,0,,6,,5,,0,,0,,1,,1,,0,,0,,0,,0,,0,,0,,0,,0,,1,,0,,,,
May 16,7,7,7,7,8,1,1,1,1,9,3,3,3,3,3,3,3,3,9,11,11,11,11,11,5,9,91,"Work w/ Cave, Greensboro Grasshopper's game w Danny/Nathan/Jeff/Alex/Allan/Clifton, Halo 3 w/ Jeff",,,,,4,,0,,8,,0,,0,,0,,4,,1,,2,,0,,5,,0,,0,,0,,0,,0,,0,,0,,0,,0,,5,,0,,,,
May 17,11,8,1,1,1,1,1,1,1,1,1,1,8,8,11,11,11,11,6,11,11,8,8,8,2,12,88,"Pool w Brianna/Maddie/Sav/Alex/Clifton, Bad Daddy's w Bri/Maddie/Alex, Celebration station putt putt/Sparetime/Wendy's w Alex",,,,,10,,0,,0,,0,,0,,1,,0,,6,,0,,0,,7,,0,,0,,0,,0,,0,,0,,0,,0,,0,,7,,0,,,,